doc_id,primary_file_name,packets,source_types,chunk_count,total_text_length,has_visual_ocr,has_text_or_table,companies,ingredients,claim_terms,sku_terms,cost_terms
DOC_01971A613130,WPU09150336.csv,logistics_distribution,text_or_table,1,472,False,True,,,,,
DOC_02F4A4A84A57,asr_refined_sugar_process_or_products.pdf,sugar,text_or_table; visual_ocr,4,6455,True,True,asr; asr group; domino,,,,
DOC_033AA20F1EE1,usda_fas_ghana_cocoa_sector_overview_2025.pdf,cocoa_chocolate_cocoa_butter,text_or_table,25,51366,False,True,,,,,
DOC_050BBCAC6B3F,mclane_company_profile.pdf,logistics_distribution,text_or_table; visual_ocr,3,3483,True,True,mclane; walgreens,,,,
DOC_08137C490006,ice_cocoa_futures_optional_screenshot.pdf,cocoa_chocolate_cocoa_butter,text_or_table; visual_ocr,3,3733,True,True,,cocoa; sugar,,,
DOC_0C6FF4D0AACE,mclane_grocery_retail_distribution_page.pdf,logistics_distribution,text_or_table; visual_ocr,3,2747,True,True,mclane,,,,
DOC_0D21678E3116,cvs_hershey_1_55oz_price_page.pdf,retail_price_evidence,text_or_table; visual_ocr,2,979,True,True,cvs; hershey,chocolate; milk,,1.55 oz; milk chocolate,
DOC_0DD09547ACD4,natural_flavor_extraction_distillation_fermentation_explanation.pdf,natural_flavor,text_or_table; visual_ocr,3,3056,True,True,fda; usda,cocoa; natural flavor,,ingredients,
DOC_0E5990AC3AEF,asr_belize_sugar_industries_page.pdf,sugar,text_or_table; visual_ocr,2,2160,True,True,asr; asr group; domino,sugar,,,
DOC_101588EC345D,fda_pgpr_gras_response_letter.pdf,pgpr,text_or_table,5,10486,False,True,,,,,
DOC_1082CA3E3F2A,barry_callebaut_hershey_supply_agreement_news_release.pdf,cocoa_chocolate_cocoa_butter,text_or_table,4,8109,False,True,,,,,
DOC_1164AEC6C38C,natural_flavor_function_in_food_explanation.pdf,natural_flavor,text_or_table; visual_ocr,4,4991,True,True,fda,chocolate; cocoa; milk; natural flavor; sugar,,ingredients,
DOC_11A00D6495C0,PCU49314931.xlsx,logistics_distribution,text_or_table,1,1130,False,True,,,,,
DOC_12314C1C49CF,interim_gras_33_apr_2026.pdf,natural_flavor,text_or_table,7,12599,False,True,,,,,
DOC_1BE15D0DAB2F,castor_oil_ricinoleic_acid_pgpr_origin_reference.pdf,pgpr,text_or_table; visual_ocr,13,25099,True,True,,lecithin,,,
DOC_1D4C129E0BD4,fda_flavor_labeling_regulation_reference.pdf,natural_flavor,text_or_table; visual_ocr,203,401159,True,True,,,,,
DOC_1E0944AC1DC5,asr_hershey_learn_to_grow_belize.pdf,sugar,text_or_table; visual_ocr,3,3412,True,True,asr; asr group; hershey,sugar,,,
DOC_1E80FF9B816E,icco_processing_cocoa_page.pdf,cocoa_chocolate_cocoa_butter,text_or_table; visual_ocr,5,8593,True,True,icco; target,chocolate; cocoa; cocoa butter; milk; sugar,,ingredients; milk chocolate,
DOC_1EB5146FBACE,bls_truck_transportation_ppi_benchmark.pdf,logistics_distribution,text_or_table; visual_ocr,2,897,True,True,,,,,
DOC_1EC92FF65460,barry_callebaut_company_profile.pdf,cocoa_chocolate_cocoa_butter,text_or_table; visual_ocr,4,5470,True,True,barry callebaut,chocolate; cocoa,,ingredients,
DOC_1ED749BEB0B8,pulp-and-paper-sourcing-policy.pdf,packaging_wrapper,text_or_table,4,8145,False,True,,,,,
DOC_1F6D46FB75CC,walmart_hershey_1_55oz_price_page.pdf,retail_price_evidence,text_or_table; visual_ocr,4,5108,True,True,hershey; walmart,chocolate; milk,,1.55 oz; ingredients; milk chocolate,
DOC_23BD14F34CEF,pgpr_market_price_reference.pdf,pgpr,text_or_table; visual_ocr,2,1368,True,True,,chocolate; pgpr,,,
DOC_257C2CABB7C1,Group3-Tables-US-Sugar-Crop-Production-and-Sugar-Production-Deliveries-and-Stocks.csv,sugar,text_or_table,4,8425,False,True,,,,,
DOC_26064332B82F,hershey_pulp_paper_page.pdf,packaging_wrapper,text_or_table; visual_ocr,3,3559,True,True,hershey,chocolate; packaging,,,
DOC_260B1720A1EF,hershey_cocoa_sustainability_page.pdf,cocoa_chocolate_cocoa_butter,text_or_table; visual_ocr,4,5462,True,True,hershey,chocolate; cocoa,,ingredients,
DOC_2D8BE31DFAC8,icco_cocoa_butter_powder_faq.pdf,cocoa_chocolate_cocoa_butter,text_or_table; visual_ocr,4,6648,True,True,,chocolate; cocoa,,,
DOC_2F8EE4491545,land_o_lakes_who_we_are_page.pdf,dairy_milk_skim_milk_milk_fat,text_or_table; visual_ocr,3,3625,True,True,land o'lakes,,,,
DOC_2FB8D1A92FFF,soy_lecithin_function_in_chocolate_explanation.pdf,soy_lecithin,text_or_table; visual_ocr,11,20480,True,True,fda; usda,chocolate; cocoa; cocoa butter; lecithin; milk; soy lecithin,,ingredients,
DOC_32FA1CD834CD,sugar_cane_beet_processing_explanation.pdf,sugar,text_or_table,27,55722,False,True,,,,,
DOC_35AC43ECE38F,Hershey back.webp,product_sku_1_55oz,visual_ocr,1,420,True,False,hershey,sugar,,,
DOC_381414594006,Pulp-Paper-The-Hershey-Company-05-06-2026_02_23_PM.pdf,hershey_company,text_or_table; visual_ocr,3,3559,True,True,hershey,chocolate; packaging,,,
DOC_399D89EF9892,natural_flavor_market_overview_reference.pdf,natural_flavor,text_or_table; visual_ocr,11,20898,True,True,,milk; natural flavor,,ingredients,
DOC_3A67DADA572A,barry_callebaut_annual_report_or_full_year_results_2024_25.pdf,cocoa_chocolate_cocoa_butter,text_or_table; visual_ocr,229,472668,True,True,,,,,
DOC_3C5045700A98,land_o_lakes_hershey_chesapeake_bay_page.pdf,dairy_milk_skim_milk_milk_fat,text_or_table; visual_ocr,5,8129,True,True,hershey; land o'lakes,milk,,ingredients,
DOC_3DACF0FBC836,hershey_latest_esg_dairy_section.pdf,dairy_milk_skim_milk_milk_fat,text_or_table; visual_ocr,141,286123,True,True,hershey,,,,
DOC_3FF97ACFA90D,hershey_dairy_sourcing_page.pdf,dairy_milk_skim_milk_milk_fat,text_or_table; visual_ocr,4,6402,True,True,hershey; land o'lakes; target,chocolate; milk,,ingredients; milk chocolate,
DOC_400268FDC92A,nonfat_dry_milk_skim_milk_explanation.pdf,dairy_milk_skim_milk_milk_fat,text_or_table; visual_ocr,4,5640,True,True,,chocolate; milk; packaging; skim milk,,ingredients,
DOC_41FA1AC07EDD,retail_wholesale_distribution_explanation.pdf,logistics_distribution,text_or_table; visual_ocr,13,24975,True,True,,,,upc,
DOC_444A249CB5CF,barry_callebaut_social_environmental_impact_report_2024_25.pdf,cocoa_chocolate_cocoa_butter,text_or_table; visual_ocr,156,317914,True,True,,,,,
DOC_463FD3B8EDC9,Hershey Front.webp,product_sku_1_55oz,visual_ocr,1,78,True,False,hershey,chocolate; milk,,milk chocolate,
DOC_4798F11F2524,Palm-Oil-The-Hershey-Company-05-06-2026_02_22_PM.pdf,hershey_company,text_or_table; visual_ocr,10,17970,True,True,hershey,chocolate,,ingredients,
DOC_4D6583498B7A,target_hershey_1_55oz_price_page.pdf,retail_price_evidence,text_or_table; visual_ocr,2,1507,True,True,hershey; target,chocolate; cocoa; cocoa butter; lecithin; milk; milk fat; pgpr; sugar,,ingredients; milk chocolate,
DOC_4ED7D04B1CB5,pswrgvwall.xls,logistics_distribution,text_or_table,38,78522,False,True,,,,,
DOC_4FB6669959F5,asr_fy23_sustainability_report.pdf,sugar,text_or_table; visual_ocr,151,296944,True,True,,,,,
DOC_51C8BD35B96E,lecithin_emulsifier_chocolate_use.pdf,soy_lecithin,text_or_table; visual_ocr,4,6270,True,True,,chocolate; cocoa; cocoa butter; lecithin; milk; sugar; wrapper,,ingredients,
DOC_535DD6E652B7,asr_group_about_page.pdf,sugar,text_or_table; visual_ocr,3,3165,True,True,asr; asr group; domino,sugar,,,
DOC_55B0E1DB0BD6,common_carrier_freight_explanation.pdf,logistics_distribution,text_or_table; visual_ocr,2,2177,True,True,,,,,
DOC_5BC712652F98,pgpr_market_overview_reference.pdf,pgpr,text_or_table,13,25379,False,True,,,,,
DOC_5E90ED0F32AB,walgreens_hershey_1_55oz_price_page.pdf,retail_price_evidence,text_or_table; visual_ocr,4,5603,True,True,hershey; walgreens,chocolate; milk; packaging,,ingredients; milk chocolate; nutrition facts; upc,
DOC_5EE6EEAC2420,pgpr_processing_polyglycerol_ricinoleic_acid_explanation.pdf,pgpr,text_or_table; visual_ocr,10,19112,True,True,,chocolate; cocoa; cocoa butter; lecithin; milk; pgpr; soy lecithin; sugar,,,
DOC_6152C93503AC,hershey_responsible_sourcing_cocoa_page.pdf,hershey_company,text_or_table; visual_ocr,5,8269,True,True,hershey; target,chocolate; cocoa; sugar,,ingredients,
DOC_66F839469130,hershey_pulp_and_paper_sourcing_data.pdf,packaging_wrapper,text_or_table,3,5807,False,True,,,,,
DOC_672F3875D726,hershey_sustainable_sugar_sourcing_policy.pdf,sugar,text_or_table,1,1885,False,True,,,,,
DOC_6ECEDE6AFBC2,epa_hershey_land_o_lakes_pa_dairy_farms_2m_commitment.pdf,dairy_milk_skim_milk_milk_fat,text_or_table; visual_ocr,4,6583,True,True,hershey; land o'lakes; target; usda,chocolate; milk,,milk chocolate,
DOC_6F01C5426EEB,usda_ers_sugar_sweeteners_yearbook_tables.xlsx,sugar,text_or_table,22,44352,False,True,,,,,
DOC_71BF5D9AF123,barry_callebaut_hershey_supply_agreement_page.pdf,cocoa_chocolate_cocoa_butter,text_or_table; visual_ocr,4,4835,True,True,barry callebaut; hershey,chocolate; cocoa,,,
DOC_71CE92D20645,hershey_distribution_center_logistics_reference.pdf,logistics_distribution,text_or_table; visual_ocr,8,11985,True,True,hershey,chocolate; packaging,,,
DOC_73F44125570A,hershey_latest_esg_sugar_section.pdf,hershey_company,text_or_table; visual_ocr,206,424001,True,True,hershey,,,,
DOC_74966F03A6A3,hershey_sugar_sourcing_page.pdf,sugar,text_or_table; visual_ocr,5,7097,True,True,american sugar refining; asr; hershey; target,chocolate; sugar,,ingredients,
DOC_75DA5EE841E9,hershey_sustainable_dairy_pa_2021_press_release.pdf,dairy_milk_skim_milk_milk_fat,text_or_table; visual_ocr,5,7856,True,True,hershey; land o'lakes,chocolate; milk,,milk chocolate,
DOC_7A2EEB1A9F31,soy_lecithin_market_price_reference.pdf,soy_lecithin,text_or_table; visual_ocr,3,2544,True,True,,lecithin; soy lecithin,,,
DOC_7AD7B5853282,Hersheyland-Explore-Hershey-Products.pdf,reference_only,text_or_table; visual_ocr,3,4041,True,True,hershey,chocolate; milk,,milk chocolate; upc,
DOC_7FED8B7042EA,usda_ams_dairy_market_news_weekly_report_latest.pdf,dairy_milk_skim_milk_milk_fat,text_or_table; visual_ocr,43,90780,True,True,usda,milk,,,
DOC_88DAB6FD44D8,cpg_distribution_center_explanation.pdf,logistics_distribution,text_or_table; visual_ocr,8,13876,True,True,fda,packaging; sugar,,ingredients,
DOC_89FEEC7103A9,eia_diesel_price_benchmark.pdf,logistics_distribution,text_or_table; visual_ocr,4,5119,True,True,eia,,,,
DOC_8E60E28B0A31,efsa_pgpr_e476_reevaluation.pdf,pgpr,text_or_table; visual_ocr,41,80244,True,True,efsa,chocolate; cocoa; milk; pgpr,,milk chocolate,
DOC_8F85C09572BC,hershey_cocoa_for_good_strategy.pdf,cocoa_chocolate_cocoa_butter,text_or_table; visual_ocr,5,8640,True,True,hershey,chocolate; cocoa,,,
DOC_920988DD536E,Dairy-The-Hershey-Company-05-06-2026_02_22_PM.pdf,hershey_company,text_or_table; visual_ocr,4,6402,True,True,hershey; land o'lakes; target,chocolate; milk,,ingredients; milk chocolate,
DOC_9232C3E84540,usda_ams_dairy_monthly_averages_latest.pdf,dairy_milk_skim_milk_milk_fat,text_or_table,3,4268,False,True,,,,,
DOC_940D070C225C,bls_warehousing_storage_ppi_benchmark.pdf,logistics_distribution,text_or_table; visual_ocr,2,1168,True,True,,,,,
DOC_9C88D07C6DBF,usda_ams_advanced_class_prices_latest.pdf,dairy_milk_skim_milk_milk_fat,text_or_table,7,13701,False,True,,,,,
DOC_9F0DF6069C86,fda_pgpr_gras_notice_inventory_page.pdf,pgpr,text_or_table,5,10486,False,True,,,,,
DOC_A2C285FFEE37,pgpr_industry_supplier_function_reference.pdf,pgpr,text_or_table; visual_ocr,4,5930,True,True,,chocolate; cocoa; packaging,,ingredients,
DOC_A5418FB79897,usda_ams_national_dairy_products_sales_report_latest.pdf,dairy_milk_skim_milk_milk_fat,text_or_table,5,8367,False,True,,,,,
DOC_A632502DE1F8,usda_soybean_soybean_oil_price_benchmark.pdf,soy_lecithin,text_or_table; visual_ocr,3,3503,True,True,usda,,,,
DOC_A6A693D3495F,pgpr_and_lecithin_chocolate_emulsifier_use.pdf,pgpr,text_or_table; visual_ocr,2,1581,True,True,,chocolate; cocoa; cocoa butter; lecithin; pgpr,,,
DOC_AB943BE3F9BC,hershey_company_logo.png,brand_logo_assets,visual_ocr,1,66,True,False,hershey,,,,
DOC_B28013FB1CA9,dairy_ingredients_in_chocolate_explanation.pdf,dairy_milk_skim_milk_milk_fat,text_or_table; visual_ocr,11,20857,True,True,,chocolate; cocoa; cocoa butter; lecithin; milk; milk fat; packaging; skim milk; sugar,,calories; ingredients; milk chocolate,
DOC_B3858C187B41,cocoa_beans_quality_requirements_processing_guide.pdf,cocoa_chocolate_cocoa_butter,text_or_table; visual_ocr,146,295152,True,True,,chocolate; cocoa,,,
DOC_B544BFB9CF00,soybean_to_soy_lecithin_processing_explanation.pdf,soy_lecithin,text_or_table; visual_ocr,4,5813,True,True,,lecithin; soy lecithin,,,
DOC_B690BF25DADF,fema_flavor_ingredient_library_page.pdf,natural_flavor,text_or_table,7,12599,False,True,,,,,
DOC_BA82764C244F,land_o_lakes_community_impact_report.pdf,dairy_milk_skim_milk_milk_fat,text_or_table; visual_ocr,3,3003,True,True,land o'lakes,,,,
DOC_BCA0BB066D42,paperboard_packaging_market_overview_reference.pdf,packaging_wrapper,text_or_table; visual_ocr,9,16090,True,True,target,packaging,,,
DOC_BF1CF5E24E2A,034000002405_3.png,product_sku_1_55oz,visual_ocr,1,761,True,False,hershey,chocolate; milk; sugar,,calories; milk chocolate; nutrition facts,
DOC_C035EBC878BA,soy_lecithin_industry_supplier_reference.pdf,soy_lecithin,text_or_table; visual_ocr,2,2212,True,True,,lecithin; soy lecithin,,,
DOC_C041385635A5,milk_fat_butterfat_explanation.pdf,dairy_milk_skim_milk_milk_fat,text_or_table; visual_ocr,5,7841,True,True,eia,milk; milk fat; skim milk,,ingredients,
DOC_C1E296D7AAAC,trucking_rate_market_reference.pdf,logistics_distribution,text_or_table; visual_ocr,2,1625,True,True,,,,,
DOC_C2BD8E23F83C,asr_sustainable_supply_chain_page.pdf,sugar,text_or_table; visual_ocr,2,2188,True,True,asr; asr group; hershey,sugar,,,
DOC_C341E0016B61,fda_lecithin_food_additive_or_gras_reference.pdf,soy_lecithin,text_or_table; visual_ocr,3,3362,True,True,fda,lecithin; packaging,,ingredients,
DOC_C5BF7969016D,hershey_pulp_paper_supplier_mill_list.pdf,packaging_wrapper,text_or_table,3,5807,False,True,,,,,
DOC_C5E013D8DC8A,fda_21_cfr_101_22_natural_flavor_definition.pdf,natural_flavor,text_or_table; visual_ocr,14,25623,True,True,,natural flavor; sugar; wrapper,,ingredients,
DOC_C87C22CB90A7,Cocoa-The-Hershey-Company-05-06-2026_02_25_PM.pdf,cocoa_chocolate_cocoa_butter,text_or_table; visual_ocr,7,11767,True,True,hershey,chocolate; cocoa,,ingredients,
DOC_CA4CD5A61616,hershey_2025_10k_full.pdf,hershey_company,text_or_table; visual_ocr,55,109285,True,True,hershey; mclane; target,chocolate; cocoa; cocoa butter; milk; packaging; sugar,,ingredients,
DOC_CD36102F0A4D,land_o_lakes_logo_asset.png,dairy_milk_skim_milk_milk_fat,visual_ocr,1,88,True,False,land o'lakes,,,,
DOC_CF8C4A1F434C,hershey 1.55 oz page.pdf,product_sku_1_55oz,text_or_table; visual_ocr,7,13187,True,True,hershey,chocolate; cocoa; cocoa butter; lecithin; milk; natural flavor; pgpr; skim milk; sugar; wrapper,,calories; ingredients; milk chocolate; upc,
DOC_D22719A8CDC8,flexible_packaging_market_overview_reference.pdf,packaging_wrapper,text_or_table; visual_ocr,16,28926,True,True,,packaging,,upc,
DOC_D24FEC8E2E35,usda_ers_sugar_market_outlook_latest.pdf,sugar,text_or_table; visual_ocr,3,2970,True,True,usda,sugar,,,
DOC_D9B23C06662B,land_o_lakes_home_page.pdf,dairy_milk_skim_milk_milk_fat,text_or_table; visual_ocr,3,3852,True,True,land o'lakes,,,,
DOC_DAEB12849174,fema_gras_program_page.pdf,natural_flavor,text_or_table; visual_ocr,11,20093,True,True,fda,natural flavor,,ingredients,
DOC_DB66DBC968F9,asr_group_home_page.pdf,sugar,text_or_table; visual_ocr,3,2668,True,True,asr; asr group; domino,sugar,,,
DOC_DC5C9E72C77A,land_o_lakes_2025_annual_report.pdf,dairy_milk_skim_milk_milk_fat,text_or_table; visual_ocr,34,64099,True,True,eia,,,,
DOC_E2BE0206EF0C,usda_ams_class_iv_milk_price_reference.pdf,dairy_milk_skim_milk_milk_fat,text_or_table; visual_ocr,2,3434,True,True,usda,milk; skim milk,,,
DOC_E2CBD160658D,usda_ers_sugar_outlook_latest_pdf.pdf,sugar,text_or_table,16,29553,False,True,,,,,
DOC_E3E6C7C84910,milk_processing_separation_explanation.pdf,dairy_milk_skim_milk_milk_fat,text_or_table,90,175072,False,True,,,,,
DOC_E5889DB5914A,Sugar-The-Hershey-Company-05-06-2026_02_22_PM.pdf,sugar,text_or_table; visual_ocr,5,7097,True,True,american sugar refining; asr; hershey; target,chocolate; sugar,,ingredients,
DOC_EBE512C33BCD,domino_sugar_asr_brand_page.pdf,sugar,text_or_table; visual_ocr,2,1909,True,True,asr; asr group; domino,packaging; sugar,,,
DOC_F0190DCF0884,natural_flavor_declaration_fda_definition_reference.pdf,natural_flavor,text_or_table,7,13929,False,True,,,,,
DOC_F203E734500B,PCU484484.xlsx,logistics_distribution,text_or_table,1,1121,False,True,,,,,
DOC_F398FB109346,pgpr_function_in_chocolate_explanation.pdf,pgpr,text_or_table; visual_ocr,10,18441,True,True,fda; usda,chocolate; cocoa; cocoa butter; lecithin; milk; pgpr; soy lecithin; sugar; wrapper,,ingredients,
DOC_F89879677373,hershey_latest_esg_packaging_section.pdf,packaging_wrapper,text_or_table; visual_ocr,206,424001,True,True,hershey,,,,
DOC_F976C0BE2B9A,usda_fas_cote_divoire_cocoa_sector_overview_2025.pdf,cocoa_chocolate_cocoa_butter,text_or_table,23,46056,False,True,,,,,
DOC_FD5AB5AB5E8F,icco_cocoa_statistics_page.pdf,cocoa_chocolate_cocoa_butter,text_or_table; visual_ocr,5,8212,True,True,icco,cocoa,,,
DOC_FDA0D8F4DCE2,mclane_company_facts_reference.pdf,logistics_distribution,text_or_table; visual_ocr,5,7846,True,True,mclane,,,,
DOC_FE10C8C34BF6,bls_ppi_packaging_materials_benchmark.pdf,packaging_wrapper,text_or_table; visual_ocr,2,953,True,True,,packaging,,,
DOC_FEA243351909,alliance_sustainable_dairy_pa_page.pdf,dairy_milk_skim_milk_milk_fat,text_or_table; visual_ocr,3,3642,True,True,hershey; land o'lakes,chocolate; milk,,milk chocolate,
