doc_id,file_name,packet,document_type,ocr_needed,image_count,pages_ocr_attempted,pages_ocr_success,total_visual_ocr_text_length,total_visual_ocr_chunks,visual_ocr_json_path,combined_visual_ocr_text_path
DOC_01971A613130,WPU09150336.csv,logistics_distribution,csv_table,False,0,0,0,0,0,D:/HersheySupplyChainAI/artifacts/02_visual_text/per_document/DOC_01971A613130.visual_ocr.json,D:/HersheySupplyChainAI/artifacts/02_visual_text/per_document/DOC_01971A613130.visual_ocr.txt
DOC_02F4A4A84A57,asr_refined_sugar_process_or_products.pdf,sugar,pdf_document,True,1,1,1,5841,3,D:/HersheySupplyChainAI/artifacts/02_visual_text/per_document/DOC_02F4A4A84A57.visual_ocr.json,D:/HersheySupplyChainAI/artifacts/02_visual_text/per_document/DOC_02F4A4A84A57.visual_ocr.txt
DOC_033AA20F1EE1,usda_fas_ghana_cocoa_sector_overview_2025.pdf,cocoa_chocolate_cocoa_butter,pdf_document,False,0,0,0,0,0,D:/HersheySupplyChainAI/artifacts/02_visual_text/per_document/DOC_033AA20F1EE1.visual_ocr.json,D:/HersheySupplyChainAI/artifacts/02_visual_text/per_document/DOC_033AA20F1EE1.visual_ocr.txt
DOC_050BBCAC6B3F,mclane_company_profile.pdf,logistics_distribution,pdf_document,True,1,1,1,3169,2,D:/HersheySupplyChainAI/artifacts/02_visual_text/per_document/DOC_050BBCAC6B3F.visual_ocr.json,D:/HersheySupplyChainAI/artifacts/02_visual_text/per_document/DOC_050BBCAC6B3F.visual_ocr.txt
DOC_08137C490006,ice_cocoa_futures_optional_screenshot.pdf,cocoa_chocolate_cocoa_butter,pdf_document,True,1,1,1,3419,2,D:/HersheySupplyChainAI/artifacts/02_visual_text/per_document/DOC_08137C490006.visual_ocr.json,D:/HersheySupplyChainAI/artifacts/02_visual_text/per_document/DOC_08137C490006.visual_ocr.txt
DOC_0C6FF4D0AACE,mclane_grocery_retail_distribution_page.pdf,logistics_distribution,pdf_document,True,1,1,1,2433,2,D:/HersheySupplyChainAI/artifacts/02_visual_text/per_document/DOC_0C6FF4D0AACE.visual_ocr.json,D:/HersheySupplyChainAI/artifacts/02_visual_text/per_document/DOC_0C6FF4D0AACE.visual_ocr.txt
DOC_0CCBAF9E6D49,ASR_Group_logo.svg,sugar,image_or_logo,False,0,0,0,0,0,D:/HersheySupplyChainAI/artifacts/02_visual_text/per_document/DOC_0CCBAF9E6D49.visual_ocr.json,D:/HersheySupplyChainAI/artifacts/02_visual_text/per_document/DOC_0CCBAF9E6D49.visual_ocr.txt
DOC_0D21678E3116,cvs_hershey_1_55oz_price_page.pdf,retail_price_evidence,pdf_document,True,1,1,1,965,1,D:/HersheySupplyChainAI/artifacts/02_visual_text/per_document/DOC_0D21678E3116.visual_ocr.json,D:/HersheySupplyChainAI/artifacts/02_visual_text/per_document/DOC_0D21678E3116.visual_ocr.txt
DOC_0DD09547ACD4,natural_flavor_extraction_distillation_fermentation_explanation.pdf,natural_flavor,pdf_document,True,1,1,1,2742,2,D:/HersheySupplyChainAI/artifacts/02_visual_text/per_document/DOC_0DD09547ACD4.visual_ocr.json,D:/HersheySupplyChainAI/artifacts/02_visual_text/per_document/DOC_0DD09547ACD4.visual_ocr.txt
DOC_0E5990AC3AEF,asr_belize_sugar_industries_page.pdf,sugar,pdf_document,True,1,1,1,2146,1,D:/HersheySupplyChainAI/artifacts/02_visual_text/per_document/DOC_0E5990AC3AEF.visual_ocr.json,D:/HersheySupplyChainAI/artifacts/02_visual_text/per_document/DOC_0E5990AC3AEF.visual_ocr.txt
DOC_101588EC345D,fda_pgpr_gras_response_letter.pdf,pgpr,pdf_document,False,4,0,0,0,0,D:/HersheySupplyChainAI/artifacts/02_visual_text/per_document/DOC_101588EC345D.visual_ocr.json,D:/HersheySupplyChainAI/artifacts/02_visual_text/per_document/DOC_101588EC345D.visual_ocr.txt
DOC_1082CA3E3F2A,barry_callebaut_hershey_supply_agreement_news_release.pdf,cocoa_chocolate_cocoa_butter,pdf_document,False,3,0,0,0,0,D:/HersheySupplyChainAI/artifacts/02_visual_text/per_document/DOC_1082CA3E3F2A.visual_ocr.json,D:/HersheySupplyChainAI/artifacts/02_visual_text/per_document/DOC_1082CA3E3F2A.visual_ocr.txt
DOC_1164AEC6C38C,natural_flavor_function_in_food_explanation.pdf,natural_flavor,pdf_document,True,1,1,1,4377,3,D:/HersheySupplyChainAI/artifacts/02_visual_text/per_document/DOC_1164AEC6C38C.visual_ocr.json,D:/HersheySupplyChainAI/artifacts/02_visual_text/per_document/DOC_1164AEC6C38C.visual_ocr.txt
DOC_11A00D6495C0,PCU49314931.xlsx,logistics_distribution,excel_workbook,False,0,0,0,0,0,D:/HersheySupplyChainAI/artifacts/02_visual_text/per_document/DOC_11A00D6495C0.visual_ocr.json,D:/HersheySupplyChainAI/artifacts/02_visual_text/per_document/DOC_11A00D6495C0.visual_ocr.txt
DOC_12314C1C49CF,interim_gras_33_apr_2026.pdf,natural_flavor,pdf_document,False,0,0,0,0,0,D:/HersheySupplyChainAI/artifacts/02_visual_text/per_document/DOC_12314C1C49CF.visual_ocr.json,D:/HersheySupplyChainAI/artifacts/02_visual_text/per_document/DOC_12314C1C49CF.visual_ocr.txt
DOC_1BE15D0DAB2F,castor_oil_ricinoleic_acid_pgpr_origin_reference.pdf,pgpr,pdf_document,True,1,1,1,21787,12,D:/HersheySupplyChainAI/artifacts/02_visual_text/per_document/DOC_1BE15D0DAB2F.visual_ocr.json,D:/HersheySupplyChainAI/artifacts/02_visual_text/per_document/DOC_1BE15D0DAB2F.visual_ocr.txt
DOC_1D4C129E0BD4,fda_flavor_labeling_regulation_reference.pdf,natural_flavor,pdf_document,True,1,1,1,228,1,D:/HersheySupplyChainAI/artifacts/02_visual_text/per_document/DOC_1D4C129E0BD4.visual_ocr.json,D:/HersheySupplyChainAI/artifacts/02_visual_text/per_document/DOC_1D4C129E0BD4.visual_ocr.txt
DOC_1E0944AC1DC5,asr_hershey_learn_to_grow_belize.pdf,sugar,pdf_document,True,1,1,1,3098,2,D:/HersheySupplyChainAI/artifacts/02_visual_text/per_document/DOC_1E0944AC1DC5.visual_ocr.json,D:/HersheySupplyChainAI/artifacts/02_visual_text/per_document/DOC_1E0944AC1DC5.visual_ocr.txt
DOC_1E80FF9B816E,icco_processing_cocoa_page.pdf,cocoa_chocolate_cocoa_butter,pdf_document,True,1,1,1,7681,4,D:/HersheySupplyChainAI/artifacts/02_visual_text/per_document/DOC_1E80FF9B816E.visual_ocr.json,D:/HersheySupplyChainAI/artifacts/02_visual_text/per_document/DOC_1E80FF9B816E.visual_ocr.txt
DOC_1EB5146FBACE,bls_truck_transportation_ppi_benchmark.pdf,logistics_distribution,pdf_document,True,1,1,1,883,1,D:/HersheySupplyChainAI/artifacts/02_visual_text/per_document/DOC_1EB5146FBACE.visual_ocr.json,D:/HersheySupplyChainAI/artifacts/02_visual_text/per_document/DOC_1EB5146FBACE.visual_ocr.txt
DOC_1EC92FF65460,barry_callebaut_company_profile.pdf,cocoa_chocolate_cocoa_butter,pdf_document,True,1,1,1,4857,3,D:/HersheySupplyChainAI/artifacts/02_visual_text/per_document/DOC_1EC92FF65460.visual_ocr.json,D:/HersheySupplyChainAI/artifacts/02_visual_text/per_document/DOC_1EC92FF65460.visual_ocr.txt
DOC_1ED749BEB0B8,pulp-and-paper-sourcing-policy.pdf,packaging_wrapper,pdf_document,False,3,0,0,0,0,D:/HersheySupplyChainAI/artifacts/02_visual_text/per_document/DOC_1ED749BEB0B8.visual_ocr.json,D:/HersheySupplyChainAI/artifacts/02_visual_text/per_document/DOC_1ED749BEB0B8.visual_ocr.txt
DOC_1F6D46FB75CC,walmart_hershey_1_55oz_price_page.pdf,retail_price_evidence,pdf_document,True,1,1,1,4494,3,D:/HersheySupplyChainAI/artifacts/02_visual_text/per_document/DOC_1F6D46FB75CC.visual_ocr.json,D:/HersheySupplyChainAI/artifacts/02_visual_text/per_document/DOC_1F6D46FB75CC.visual_ocr.txt
DOC_23BD14F34CEF,pgpr_market_price_reference.pdf,pgpr,pdf_document,True,1,1,1,1354,1,D:/HersheySupplyChainAI/artifacts/02_visual_text/per_document/DOC_23BD14F34CEF.visual_ocr.json,D:/HersheySupplyChainAI/artifacts/02_visual_text/per_document/DOC_23BD14F34CEF.visual_ocr.txt
DOC_257C2CABB7C1,Group3-Tables-US-Sugar-Crop-Production-and-Sugar-Production-Deliveries-and-Stocks.csv,sugar,csv_table,False,0,0,0,0,0,D:/HersheySupplyChainAI/artifacts/02_visual_text/per_document/DOC_257C2CABB7C1.visual_ocr.json,D:/HersheySupplyChainAI/artifacts/02_visual_text/per_document/DOC_257C2CABB7C1.visual_ocr.txt
DOC_26064332B82F,hershey_pulp_paper_page.pdf,packaging_wrapper,pdf_document,True,1,1,1,3245,2,D:/HersheySupplyChainAI/artifacts/02_visual_text/per_document/DOC_26064332B82F.visual_ocr.json,D:/HersheySupplyChainAI/artifacts/02_visual_text/per_document/DOC_26064332B82F.visual_ocr.txt
DOC_260B1720A1EF,hershey_cocoa_sustainability_page.pdf,cocoa_chocolate_cocoa_butter,pdf_document,True,1,1,1,4850,3,D:/HersheySupplyChainAI/artifacts/02_visual_text/per_document/DOC_260B1720A1EF.visual_ocr.json,D:/HersheySupplyChainAI/artifacts/02_visual_text/per_document/DOC_260B1720A1EF.visual_ocr.txt
DOC_2D8BE31DFAC8,icco_cocoa_butter_powder_faq.pdf,cocoa_chocolate_cocoa_butter,pdf_document,True,2,2,2,515,1,D:/HersheySupplyChainAI/artifacts/02_visual_text/per_document/DOC_2D8BE31DFAC8.visual_ocr.json,D:/HersheySupplyChainAI/artifacts/02_visual_text/per_document/DOC_2D8BE31DFAC8.visual_ocr.txt
DOC_2F8EE4491545,land_o_lakes_who_we_are_page.pdf,dairy_milk_skim_milk_milk_fat,pdf_document,True,1,1,1,3311,2,D:/HersheySupplyChainAI/artifacts/02_visual_text/per_document/DOC_2F8EE4491545.visual_ocr.json,D:/HersheySupplyChainAI/artifacts/02_visual_text/per_document/DOC_2F8EE4491545.visual_ocr.txt
DOC_2FB8D1A92FFF,soy_lecithin_function_in_chocolate_explanation.pdf,soy_lecithin,pdf_document,True,1,1,1,17769,10,D:/HersheySupplyChainAI/artifacts/02_visual_text/per_document/DOC_2FB8D1A92FFF.visual_ocr.json,D:/HersheySupplyChainAI/artifacts/02_visual_text/per_document/DOC_2FB8D1A92FFF.visual_ocr.txt
DOC_32FA1CD834CD,sugar_cane_beet_processing_explanation.pdf,sugar,pdf_document,False,0,0,0,0,0,D:/HersheySupplyChainAI/artifacts/02_visual_text/per_document/DOC_32FA1CD834CD.visual_ocr.json,D:/HersheySupplyChainAI/artifacts/02_visual_text/per_document/DOC_32FA1CD834CD.visual_ocr.txt
DOC_35AC43ECE38F,Hershey back.webp,product_sku_1_55oz,image_or_logo,True,1,1,1,420,1,D:/HersheySupplyChainAI/artifacts/02_visual_text/per_document/DOC_35AC43ECE38F.visual_ocr.json,D:/HersheySupplyChainAI/artifacts/02_visual_text/per_document/DOC_35AC43ECE38F.visual_ocr.txt
DOC_381414594006,Pulp-Paper-The-Hershey-Company-05-06-2026_02_23_PM.pdf,hershey_company,pdf_document,True,1,1,1,3245,2,D:/HersheySupplyChainAI/artifacts/02_visual_text/per_document/DOC_381414594006.visual_ocr.json,D:/HersheySupplyChainAI/artifacts/02_visual_text/per_document/DOC_381414594006.visual_ocr.txt
DOC_399D89EF9892,natural_flavor_market_overview_reference.pdf,natural_flavor,pdf_document,True,1,1,1,18188,10,D:/HersheySupplyChainAI/artifacts/02_visual_text/per_document/DOC_399D89EF9892.visual_ocr.json,D:/HersheySupplyChainAI/artifacts/02_visual_text/per_document/DOC_399D89EF9892.visual_ocr.txt
DOC_3A67DADA572A,barry_callebaut_annual_report_or_full_year_results_2024_25.pdf,cocoa_chocolate_cocoa_butter,pdf_document,True,1,1,1,131,1,D:/HersheySupplyChainAI/artifacts/02_visual_text/per_document/DOC_3A67DADA572A.visual_ocr.json,D:/HersheySupplyChainAI/artifacts/02_visual_text/per_document/DOC_3A67DADA572A.visual_ocr.txt
DOC_3C5045700A98,land_o_lakes_hershey_chesapeake_bay_page.pdf,dairy_milk_skim_milk_milk_fat,pdf_document,True,1,1,1,7217,4,D:/HersheySupplyChainAI/artifacts/02_visual_text/per_document/DOC_3C5045700A98.visual_ocr.json,D:/HersheySupplyChainAI/artifacts/02_visual_text/per_document/DOC_3C5045700A98.visual_ocr.txt
DOC_3C7D40BBDFD0,mclane_logo_asset.png,logistics_distribution,image_or_logo,True,1,1,0,0,0,D:/HersheySupplyChainAI/artifacts/02_visual_text/per_document/DOC_3C7D40BBDFD0.visual_ocr.json,D:/HersheySupplyChainAI/artifacts/02_visual_text/per_document/DOC_3C7D40BBDFD0.visual_ocr.txt
DOC_3DACF0FBC836,hershey_latest_esg_dairy_section.pdf,dairy_milk_skim_milk_milk_fat,pdf_document,True,1,1,1,66,1,D:/HersheySupplyChainAI/artifacts/02_visual_text/per_document/DOC_3DACF0FBC836.visual_ocr.json,D:/HersheySupplyChainAI/artifacts/02_visual_text/per_document/DOC_3DACF0FBC836.visual_ocr.txt
DOC_3FF97ACFA90D,hershey_dairy_sourcing_page.pdf,dairy_milk_skim_milk_milk_fat,pdf_document,True,1,1,1,5789,3,D:/HersheySupplyChainAI/artifacts/02_visual_text/per_document/DOC_3FF97ACFA90D.visual_ocr.json,D:/HersheySupplyChainAI/artifacts/02_visual_text/per_document/DOC_3FF97ACFA90D.visual_ocr.txt
DOC_400268FDC92A,nonfat_dry_milk_skim_milk_explanation.pdf,dairy_milk_skim_milk_milk_fat,pdf_document,True,1,1,1,5028,3,D:/HersheySupplyChainAI/artifacts/02_visual_text/per_document/DOC_400268FDC92A.visual_ocr.json,D:/HersheySupplyChainAI/artifacts/02_visual_text/per_document/DOC_400268FDC92A.visual_ocr.txt
DOC_41FA1AC07EDD,retail_wholesale_distribution_explanation.pdf,logistics_distribution,pdf_document,True,5,5,5,21596,12,D:/HersheySupplyChainAI/artifacts/02_visual_text/per_document/DOC_41FA1AC07EDD.visual_ocr.json,D:/HersheySupplyChainAI/artifacts/02_visual_text/per_document/DOC_41FA1AC07EDD.visual_ocr.txt
DOC_444A249CB5CF,barry_callebaut_social_environmental_impact_report_2024_25.pdf,cocoa_chocolate_cocoa_butter,pdf_document,True,1,1,1,145,1,D:/HersheySupplyChainAI/artifacts/02_visual_text/per_document/DOC_444A249CB5CF.visual_ocr.json,D:/HersheySupplyChainAI/artifacts/02_visual_text/per_document/DOC_444A249CB5CF.visual_ocr.txt
DOC_463FD3B8EDC9,Hershey Front.webp,product_sku_1_55oz,image_or_logo,True,1,1,1,78,1,D:/HersheySupplyChainAI/artifacts/02_visual_text/per_document/DOC_463FD3B8EDC9.visual_ocr.json,D:/HersheySupplyChainAI/artifacts/02_visual_text/per_document/DOC_463FD3B8EDC9.visual_ocr.txt
DOC_4798F11F2524,Palm-Oil-The-Hershey-Company-05-06-2026_02_22_PM.pdf,hershey_company,pdf_document,True,1,1,1,15557,9,D:/HersheySupplyChainAI/artifacts/02_visual_text/per_document/DOC_4798F11F2524.visual_ocr.json,D:/HersheySupplyChainAI/artifacts/02_visual_text/per_document/DOC_4798F11F2524.visual_ocr.txt
DOC_4D6583498B7A,target_hershey_1_55oz_price_page.pdf,retail_price_evidence,pdf_document,True,1,1,1,1493,1,D:/HersheySupplyChainAI/artifacts/02_visual_text/per_document/DOC_4D6583498B7A.visual_ocr.json,D:/HersheySupplyChainAI/artifacts/02_visual_text/per_document/DOC_4D6583498B7A.visual_ocr.txt
DOC_4ED7D04B1CB5,pswrgvwall.xls,logistics_distribution,excel_workbook,False,0,0,0,0,0,D:/HersheySupplyChainAI/artifacts/02_visual_text/per_document/DOC_4ED7D04B1CB5.visual_ocr.json,D:/HersheySupplyChainAI/artifacts/02_visual_text/per_document/DOC_4ED7D04B1CB5.visual_ocr.txt
DOC_4FB6669959F5,asr_fy23_sustainability_report.pdf,sugar,pdf_document,True,1,1,1,236,1,D:/HersheySupplyChainAI/artifacts/02_visual_text/per_document/DOC_4FB6669959F5.visual_ocr.json,D:/HersheySupplyChainAI/artifacts/02_visual_text/per_document/DOC_4FB6669959F5.visual_ocr.txt
DOC_51C8BD35B96E,lecithin_emulsifier_chocolate_use.pdf,soy_lecithin,pdf_document,True,1,1,1,5657,3,D:/HersheySupplyChainAI/artifacts/02_visual_text/per_document/DOC_51C8BD35B96E.visual_ocr.json,D:/HersheySupplyChainAI/artifacts/02_visual_text/per_document/DOC_51C8BD35B96E.visual_ocr.txt
DOC_535DD6E652B7,asr_group_about_page.pdf,sugar,pdf_document,True,1,1,1,2851,2,D:/HersheySupplyChainAI/artifacts/02_visual_text/per_document/DOC_535DD6E652B7.visual_ocr.json,D:/HersheySupplyChainAI/artifacts/02_visual_text/per_document/DOC_535DD6E652B7.visual_ocr.txt
DOC_55B0E1DB0BD6,common_carrier_freight_explanation.pdf,logistics_distribution,pdf_document,True,1,1,1,2163,1,D:/HersheySupplyChainAI/artifacts/02_visual_text/per_document/DOC_55B0E1DB0BD6.visual_ocr.json,D:/HersheySupplyChainAI/artifacts/02_visual_text/per_document/DOC_55B0E1DB0BD6.visual_ocr.txt
DOC_5BC712652F98,pgpr_market_overview_reference.pdf,pgpr,pdf_document,False,0,0,0,0,0,D:/HersheySupplyChainAI/artifacts/02_visual_text/per_document/DOC_5BC712652F98.visual_ocr.json,D:/HersheySupplyChainAI/artifacts/02_visual_text/per_document/DOC_5BC712652F98.visual_ocr.txt
DOC_5E90ED0F32AB,walgreens_hershey_1_55oz_price_page.pdf,retail_price_evidence,pdf_document,True,1,1,1,4989,3,D:/HersheySupplyChainAI/artifacts/02_visual_text/per_document/DOC_5E90ED0F32AB.visual_ocr.json,D:/HersheySupplyChainAI/artifacts/02_visual_text/per_document/DOC_5E90ED0F32AB.visual_ocr.txt
DOC_5EE6EEAC2420,pgpr_processing_polyglycerol_ricinoleic_acid_explanation.pdf,pgpr,pdf_document,True,1,1,1,16700,9,D:/HersheySupplyChainAI/artifacts/02_visual_text/per_document/DOC_5EE6EEAC2420.visual_ocr.json,D:/HersheySupplyChainAI/artifacts/02_visual_text/per_document/DOC_5EE6EEAC2420.visual_ocr.txt
DOC_6152C93503AC,hershey_responsible_sourcing_cocoa_page.pdf,hershey_company,pdf_document,True,1,1,1,7358,4,D:/HersheySupplyChainAI/artifacts/02_visual_text/per_document/DOC_6152C93503AC.visual_ocr.json,D:/HersheySupplyChainAI/artifacts/02_visual_text/per_document/DOC_6152C93503AC.visual_ocr.txt
DOC_66F839469130,hershey_pulp_and_paper_sourcing_data.pdf,packaging_wrapper,pdf_document,False,3,0,0,0,0,D:/HersheySupplyChainAI/artifacts/02_visual_text/per_document/DOC_66F839469130.visual_ocr.json,D:/HersheySupplyChainAI/artifacts/02_visual_text/per_document/DOC_66F839469130.visual_ocr.txt
DOC_672F3875D726,hershey_sustainable_sugar_sourcing_policy.pdf,sugar,pdf_document,False,1,0,0,0,0,D:/HersheySupplyChainAI/artifacts/02_visual_text/per_document/DOC_672F3875D726.visual_ocr.json,D:/HersheySupplyChainAI/artifacts/02_visual_text/per_document/DOC_672F3875D726.visual_ocr.txt
DOC_6ECEDE6AFBC2,epa_hershey_land_o_lakes_pa_dairy_farms_2m_commitment.pdf,dairy_milk_skim_milk_milk_fat,pdf_document,True,1,1,1,5969,3,D:/HersheySupplyChainAI/artifacts/02_visual_text/per_document/DOC_6ECEDE6AFBC2.visual_ocr.json,D:/HersheySupplyChainAI/artifacts/02_visual_text/per_document/DOC_6ECEDE6AFBC2.visual_ocr.txt
DOC_6F01C5426EEB,usda_ers_sugar_sweeteners_yearbook_tables.xlsx,sugar,excel_workbook,False,0,0,0,0,0,D:/HersheySupplyChainAI/artifacts/02_visual_text/per_document/DOC_6F01C5426EEB.visual_ocr.json,D:/HersheySupplyChainAI/artifacts/02_visual_text/per_document/DOC_6F01C5426EEB.visual_ocr.txt
DOC_71BF5D9AF123,barry_callebaut_hershey_supply_agreement_page.pdf,cocoa_chocolate_cocoa_butter,pdf_document,True,1,1,1,4221,3,D:/HersheySupplyChainAI/artifacts/02_visual_text/per_document/DOC_71BF5D9AF123.visual_ocr.json,D:/HersheySupplyChainAI/artifacts/02_visual_text/per_document/DOC_71BF5D9AF123.visual_ocr.txt
DOC_71CE92D20645,hershey_distribution_center_logistics_reference.pdf,logistics_distribution,pdf_document,True,7,7,7,10070,7,D:/HersheySupplyChainAI/artifacts/02_visual_text/per_document/DOC_71CE92D20645.visual_ocr.json,D:/HersheySupplyChainAI/artifacts/02_visual_text/per_document/DOC_71CE92D20645.visual_ocr.txt
DOC_73F44125570A,hershey_latest_esg_sugar_section.pdf,hershey_company,pdf_document,True,1,1,1,71,1,D:/HersheySupplyChainAI/artifacts/02_visual_text/per_document/DOC_73F44125570A.visual_ocr.json,D:/HersheySupplyChainAI/artifacts/02_visual_text/per_document/DOC_73F44125570A.visual_ocr.txt
DOC_74966F03A6A3,hershey_sugar_sourcing_page.pdf,sugar,pdf_document,True,1,1,1,6184,4,D:/HersheySupplyChainAI/artifacts/02_visual_text/per_document/DOC_74966F03A6A3.visual_ocr.json,D:/HersheySupplyChainAI/artifacts/02_visual_text/per_document/DOC_74966F03A6A3.visual_ocr.txt
DOC_75DA5EE841E9,hershey_sustainable_dairy_pa_2021_press_release.pdf,dairy_milk_skim_milk_milk_fat,pdf_document,True,1,1,1,6942,4,D:/HersheySupplyChainAI/artifacts/02_visual_text/per_document/DOC_75DA5EE841E9.visual_ocr.json,D:/HersheySupplyChainAI/artifacts/02_visual_text/per_document/DOC_75DA5EE841E9.visual_ocr.txt
DOC_7A2EEB1A9F31,soy_lecithin_market_price_reference.pdf,soy_lecithin,pdf_document,True,1,1,1,2230,2,D:/HersheySupplyChainAI/artifacts/02_visual_text/per_document/DOC_7A2EEB1A9F31.visual_ocr.json,D:/HersheySupplyChainAI/artifacts/02_visual_text/per_document/DOC_7A2EEB1A9F31.visual_ocr.txt
DOC_7AD7B5853282,Hersheyland-Explore-Hershey-Products.pdf,reference_only,pdf_document,True,1,1,1,3728,2,D:/HersheySupplyChainAI/artifacts/02_visual_text/per_document/DOC_7AD7B5853282.visual_ocr.json,D:/HersheySupplyChainAI/artifacts/02_visual_text/per_document/DOC_7AD7B5853282.visual_ocr.txt
DOC_7FED8B7042EA,usda_ams_dairy_market_news_weekly_report_latest.pdf,dairy_milk_skim_milk_milk_fat,pdf_document,True,1,1,1,519,1,D:/HersheySupplyChainAI/artifacts/02_visual_text/per_document/DOC_7FED8B7042EA.visual_ocr.json,D:/HersheySupplyChainAI/artifacts/02_visual_text/per_document/DOC_7FED8B7042EA.visual_ocr.txt
DOC_88DAB6FD44D8,cpg_distribution_center_explanation.pdf,logistics_distribution,pdf_document,True,12,12,12,11873,7,D:/HersheySupplyChainAI/artifacts/02_visual_text/per_document/DOC_88DAB6FD44D8.visual_ocr.json,D:/HersheySupplyChainAI/artifacts/02_visual_text/per_document/DOC_88DAB6FD44D8.visual_ocr.txt
DOC_89FEEC7103A9,eia_diesel_price_benchmark.pdf,logistics_distribution,pdf_document,True,1,1,1,4506,3,D:/HersheySupplyChainAI/artifacts/02_visual_text/per_document/DOC_89FEEC7103A9.visual_ocr.json,D:/HersheySupplyChainAI/artifacts/02_visual_text/per_document/DOC_89FEEC7103A9.visual_ocr.txt
DOC_8E60E28B0A31,efsa_pgpr_e476_reevaluation.pdf,pgpr,pdf_document,True,30,30,30,66645,40,D:/HersheySupplyChainAI/artifacts/02_visual_text/per_document/DOC_8E60E28B0A31.visual_ocr.json,D:/HersheySupplyChainAI/artifacts/02_visual_text/per_document/DOC_8E60E28B0A31.visual_ocr.txt
DOC_8F85C09572BC,hershey_cocoa_for_good_strategy.pdf,cocoa_chocolate_cocoa_butter,pdf_document,True,1,1,1,7726,4,D:/HersheySupplyChainAI/artifacts/02_visual_text/per_document/DOC_8F85C09572BC.visual_ocr.json,D:/HersheySupplyChainAI/artifacts/02_visual_text/per_document/DOC_8F85C09572BC.visual_ocr.txt
DOC_920988DD536E,Dairy-The-Hershey-Company-05-06-2026_02_22_PM.pdf,hershey_company,pdf_document,True,1,1,1,5789,3,D:/HersheySupplyChainAI/artifacts/02_visual_text/per_document/DOC_920988DD536E.visual_ocr.json,D:/HersheySupplyChainAI/artifacts/02_visual_text/per_document/DOC_920988DD536E.visual_ocr.txt
DOC_9232C3E84540,usda_ams_dairy_monthly_averages_latest.pdf,dairy_milk_skim_milk_milk_fat,pdf_document,False,3,0,0,0,0,D:/HersheySupplyChainAI/artifacts/02_visual_text/per_document/DOC_9232C3E84540.visual_ocr.json,D:/HersheySupplyChainAI/artifacts/02_visual_text/per_document/DOC_9232C3E84540.visual_ocr.txt
DOC_940D070C225C,bls_warehousing_storage_ppi_benchmark.pdf,logistics_distribution,pdf_document,True,1,1,1,1154,1,D:/HersheySupplyChainAI/artifacts/02_visual_text/per_document/DOC_940D070C225C.visual_ocr.json,D:/HersheySupplyChainAI/artifacts/02_visual_text/per_document/DOC_940D070C225C.visual_ocr.txt
DOC_9C88D07C6DBF,usda_ams_advanced_class_prices_latest.pdf,dairy_milk_skim_milk_milk_fat,pdf_document,False,0,0,0,0,0,D:/HersheySupplyChainAI/artifacts/02_visual_text/per_document/DOC_9C88D07C6DBF.visual_ocr.json,D:/HersheySupplyChainAI/artifacts/02_visual_text/per_document/DOC_9C88D07C6DBF.visual_ocr.txt
DOC_9F0DF6069C86,fda_pgpr_gras_notice_inventory_page.pdf,pgpr,pdf_document,False,4,0,0,0,0,D:/HersheySupplyChainAI/artifacts/02_visual_text/per_document/DOC_9F0DF6069C86.visual_ocr.json,D:/HersheySupplyChainAI/artifacts/02_visual_text/per_document/DOC_9F0DF6069C86.visual_ocr.txt
DOC_A2C285FFEE37,pgpr_industry_supplier_function_reference.pdf,pgpr,pdf_document,True,1,1,1,5317,3,D:/HersheySupplyChainAI/artifacts/02_visual_text/per_document/DOC_A2C285FFEE37.visual_ocr.json,D:/HersheySupplyChainAI/artifacts/02_visual_text/per_document/DOC_A2C285FFEE37.visual_ocr.txt
DOC_A5418FB79897,usda_ams_national_dairy_products_sales_report_latest.pdf,dairy_milk_skim_milk_milk_fat,pdf_document,False,4,0,0,0,0,D:/HersheySupplyChainAI/artifacts/02_visual_text/per_document/DOC_A5418FB79897.visual_ocr.json,D:/HersheySupplyChainAI/artifacts/02_visual_text/per_document/DOC_A5418FB79897.visual_ocr.txt
DOC_A632502DE1F8,usda_soybean_soybean_oil_price_benchmark.pdf,soy_lecithin,pdf_document,True,1,1,1,3189,2,D:/HersheySupplyChainAI/artifacts/02_visual_text/per_document/DOC_A632502DE1F8.visual_ocr.json,D:/HersheySupplyChainAI/artifacts/02_visual_text/per_document/DOC_A632502DE1F8.visual_ocr.txt
DOC_A6A693D3495F,pgpr_and_lecithin_chocolate_emulsifier_use.pdf,pgpr,pdf_document,True,1,1,1,1567,1,D:/HersheySupplyChainAI/artifacts/02_visual_text/per_document/DOC_A6A693D3495F.visual_ocr.json,D:/HersheySupplyChainAI/artifacts/02_visual_text/per_document/DOC_A6A693D3495F.visual_ocr.txt
DOC_AB943BE3F9BC,hershey_company_logo.png,brand_logo_assets,image_or_logo,True,1,1,1,66,1,D:/HersheySupplyChainAI/artifacts/02_visual_text/per_document/DOC_AB943BE3F9BC.visual_ocr.json,D:/HersheySupplyChainAI/artifacts/02_visual_text/per_document/DOC_AB943BE3F9BC.visual_ocr.txt
DOC_B28013FB1CA9,dairy_ingredients_in_chocolate_explanation.pdf,dairy_milk_skim_milk_milk_fat,pdf_document,True,1,1,1,18145,10,D:/HersheySupplyChainAI/artifacts/02_visual_text/per_document/DOC_B28013FB1CA9.visual_ocr.json,D:/HersheySupplyChainAI/artifacts/02_visual_text/per_document/DOC_B28013FB1CA9.visual_ocr.txt
DOC_B3858C187B41,cocoa_beans_quality_requirements_processing_guide.pdf,cocoa_chocolate_cocoa_butter,pdf_document,True,1,1,1,102,1,D:/HersheySupplyChainAI/artifacts/02_visual_text/per_document/DOC_B3858C187B41.visual_ocr.json,D:/HersheySupplyChainAI/artifacts/02_visual_text/per_document/DOC_B3858C187B41.visual_ocr.txt
DOC_B544BFB9CF00,soybean_to_soy_lecithin_processing_explanation.pdf,soy_lecithin,pdf_document,True,1,1,1,5199,3,D:/HersheySupplyChainAI/artifacts/02_visual_text/per_document/DOC_B544BFB9CF00.visual_ocr.json,D:/HersheySupplyChainAI/artifacts/02_visual_text/per_document/DOC_B544BFB9CF00.visual_ocr.txt
DOC_B690BF25DADF,fema_flavor_ingredient_library_page.pdf,natural_flavor,pdf_document,False,0,0,0,0,0,D:/HersheySupplyChainAI/artifacts/02_visual_text/per_document/DOC_B690BF25DADF.visual_ocr.json,D:/HersheySupplyChainAI/artifacts/02_visual_text/per_document/DOC_B690BF25DADF.visual_ocr.txt
DOC_BA82764C244F,land_o_lakes_community_impact_report.pdf,dairy_milk_skim_milk_milk_fat,pdf_document,True,1,1,1,2689,2,D:/HersheySupplyChainAI/artifacts/02_visual_text/per_document/DOC_BA82764C244F.visual_ocr.json,D:/HersheySupplyChainAI/artifacts/02_visual_text/per_document/DOC_BA82764C244F.visual_ocr.txt
DOC_BCA0BB066D42,paperboard_packaging_market_overview_reference.pdf,packaging_wrapper,pdf_document,True,1,1,1,13977,8,D:/HersheySupplyChainAI/artifacts/02_visual_text/per_document/DOC_BCA0BB066D42.visual_ocr.json,D:/HersheySupplyChainAI/artifacts/02_visual_text/per_document/DOC_BCA0BB066D42.visual_ocr.txt
DOC_BF1CF5E24E2A,034000002405_3.png,product_sku_1_55oz,image_or_logo,True,1,1,1,761,1,D:/HersheySupplyChainAI/artifacts/02_visual_text/per_document/DOC_BF1CF5E24E2A.visual_ocr.json,D:/HersheySupplyChainAI/artifacts/02_visual_text/per_document/DOC_BF1CF5E24E2A.visual_ocr.txt
DOC_C035EBC878BA,soy_lecithin_industry_supplier_reference.pdf,soy_lecithin,pdf_document,True,1,1,1,2198,1,D:/HersheySupplyChainAI/artifacts/02_visual_text/per_document/DOC_C035EBC878BA.visual_ocr.json,D:/HersheySupplyChainAI/artifacts/02_visual_text/per_document/DOC_C035EBC878BA.visual_ocr.txt
DOC_C041385635A5,milk_fat_butterfat_explanation.pdf,dairy_milk_skim_milk_milk_fat,pdf_document,True,1,1,1,6929,4,D:/HersheySupplyChainAI/artifacts/02_visual_text/per_document/DOC_C041385635A5.visual_ocr.json,D:/HersheySupplyChainAI/artifacts/02_visual_text/per_document/DOC_C041385635A5.visual_ocr.txt
DOC_C1E296D7AAAC,trucking_rate_market_reference.pdf,logistics_distribution,pdf_document,True,1,1,1,1611,1,D:/HersheySupplyChainAI/artifacts/02_visual_text/per_document/DOC_C1E296D7AAAC.visual_ocr.json,D:/HersheySupplyChainAI/artifacts/02_visual_text/per_document/DOC_C1E296D7AAAC.visual_ocr.txt
DOC_C2BD8E23F83C,asr_sustainable_supply_chain_page.pdf,sugar,pdf_document,True,1,1,1,2174,1,D:/HersheySupplyChainAI/artifacts/02_visual_text/per_document/DOC_C2BD8E23F83C.visual_ocr.json,D:/HersheySupplyChainAI/artifacts/02_visual_text/per_document/DOC_C2BD8E23F83C.visual_ocr.txt
DOC_C341E0016B61,fda_lecithin_food_additive_or_gras_reference.pdf,soy_lecithin,pdf_document,True,1,1,1,3049,2,D:/HersheySupplyChainAI/artifacts/02_visual_text/per_document/DOC_C341E0016B61.visual_ocr.json,D:/HersheySupplyChainAI/artifacts/02_visual_text/per_document/DOC_C341E0016B61.visual_ocr.txt
DOC_C5BF7969016D,hershey_pulp_paper_supplier_mill_list.pdf,packaging_wrapper,pdf_document,False,3,0,0,0,0,D:/HersheySupplyChainAI/artifacts/02_visual_text/per_document/DOC_C5BF7969016D.visual_ocr.json,D:/HersheySupplyChainAI/artifacts/02_visual_text/per_document/DOC_C5BF7969016D.visual_ocr.txt
DOC_C5E013D8DC8A,fda_21_cfr_101_22_natural_flavor_definition.pdf,natural_flavor,pdf_document,True,9,9,9,21880,13,D:/HersheySupplyChainAI/artifacts/02_visual_text/per_document/DOC_C5E013D8DC8A.visual_ocr.json,D:/HersheySupplyChainAI/artifacts/02_visual_text/per_document/DOC_C5E013D8DC8A.visual_ocr.txt
DOC_C87C22CB90A7,Cocoa-The-Hershey-Company-05-06-2026_02_25_PM.pdf,cocoa_chocolate_cocoa_butter,pdf_document,True,1,1,1,10256,6,D:/HersheySupplyChainAI/artifacts/02_visual_text/per_document/DOC_C87C22CB90A7.visual_ocr.json,D:/HersheySupplyChainAI/artifacts/02_visual_text/per_document/DOC_C87C22CB90A7.visual_ocr.txt
DOC_CA4CD5A61616,hershey_2025_10k_full.pdf,hershey_company,pdf_document,True,30,30,30,90810,53,D:/HersheySupplyChainAI/artifacts/02_visual_text/per_document/DOC_CA4CD5A61616.visual_ocr.json,D:/HersheySupplyChainAI/artifacts/02_visual_text/per_document/DOC_CA4CD5A61616.visual_ocr.txt
DOC_CD36102F0A4D,land_o_lakes_logo_asset.png,dairy_milk_skim_milk_milk_fat,image_or_logo,True,1,1,1,88,1,D:/HersheySupplyChainAI/artifacts/02_visual_text/per_document/DOC_CD36102F0A4D.visual_ocr.json,D:/HersheySupplyChainAI/artifacts/02_visual_text/per_document/DOC_CD36102F0A4D.visual_ocr.txt
DOC_CF8C4A1F434C,hershey 1.55 oz page.pdf,product_sku_1_55oz,pdf_document,True,1,1,1,11675,6,D:/HersheySupplyChainAI/artifacts/02_visual_text/per_document/DOC_CF8C4A1F434C.visual_ocr.json,D:/HersheySupplyChainAI/artifacts/02_visual_text/per_document/DOC_CF8C4A1F434C.visual_ocr.txt
DOC_D22719A8CDC8,flexible_packaging_market_overview_reference.pdf,packaging_wrapper,pdf_document,True,12,12,12,24523,15,D:/HersheySupplyChainAI/artifacts/02_visual_text/per_document/DOC_D22719A8CDC8.visual_ocr.json,D:/HersheySupplyChainAI/artifacts/02_visual_text/per_document/DOC_D22719A8CDC8.visual_ocr.txt
DOC_D24FEC8E2E35,usda_ers_sugar_market_outlook_latest.pdf,sugar,pdf_document,True,1,1,1,2656,2,D:/HersheySupplyChainAI/artifacts/02_visual_text/per_document/DOC_D24FEC8E2E35.visual_ocr.json,D:/HersheySupplyChainAI/artifacts/02_visual_text/per_document/DOC_D24FEC8E2E35.visual_ocr.txt
DOC_D7D512504DFA,hershey unwrapped.png,product_sku_1_55oz,image_or_logo,True,1,1,1,0,0,D:/HersheySupplyChainAI/artifacts/02_visual_text/per_document/DOC_D7D512504DFA.visual_ocr.json,D:/HersheySupplyChainAI/artifacts/02_visual_text/per_document/DOC_D7D512504DFA.visual_ocr.txt
DOC_D9B23C06662B,land_o_lakes_home_page.pdf,dairy_milk_skim_milk_milk_fat,pdf_document,True,1,1,1,3539,2,D:/HersheySupplyChainAI/artifacts/02_visual_text/per_document/DOC_D9B23C06662B.visual_ocr.json,D:/HersheySupplyChainAI/artifacts/02_visual_text/per_document/DOC_D9B23C06662B.visual_ocr.txt
DOC_DAEB12849174,fema_gras_program_page.pdf,natural_flavor,pdf_document,True,1,1,1,17381,10,D:/HersheySupplyChainAI/artifacts/02_visual_text/per_document/DOC_DAEB12849174.visual_ocr.json,D:/HersheySupplyChainAI/artifacts/02_visual_text/per_document/DOC_DAEB12849174.visual_ocr.txt
DOC_DB66DBC968F9,asr_group_home_page.pdf,sugar,pdf_document,True,1,1,1,2355,2,D:/HersheySupplyChainAI/artifacts/02_visual_text/per_document/DOC_DB66DBC968F9.visual_ocr.json,D:/HersheySupplyChainAI/artifacts/02_visual_text/per_document/DOC_DB66DBC968F9.visual_ocr.txt
DOC_DC5C9E72C77A,land_o_lakes_2025_annual_report.pdf,dairy_milk_skim_milk_milk_fat,pdf_document,True,5,5,5,10073,6,D:/HersheySupplyChainAI/artifacts/02_visual_text/per_document/DOC_DC5C9E72C77A.visual_ocr.json,D:/HersheySupplyChainAI/artifacts/02_visual_text/per_document/DOC_DC5C9E72C77A.visual_ocr.txt
DOC_E2BE0206EF0C,usda_ams_class_iv_milk_price_reference.pdf,dairy_milk_skim_milk_milk_fat,pdf_document,True,2,2,2,2092,1,D:/HersheySupplyChainAI/artifacts/02_visual_text/per_document/DOC_E2BE0206EF0C.visual_ocr.json,D:/HersheySupplyChainAI/artifacts/02_visual_text/per_document/DOC_E2BE0206EF0C.visual_ocr.txt
DOC_E2CBD160658D,usda_ers_sugar_outlook_latest_pdf.pdf,sugar,pdf_document,False,0,0,0,0,0,D:/HersheySupplyChainAI/artifacts/02_visual_text/per_document/DOC_E2CBD160658D.visual_ocr.json,D:/HersheySupplyChainAI/artifacts/02_visual_text/per_document/DOC_E2CBD160658D.visual_ocr.txt
DOC_E37A29B6C990,barry_logo.svg,cocoa_chocolate_cocoa_butter,image_or_logo,False,0,0,0,0,0,D:/HersheySupplyChainAI/artifacts/02_visual_text/per_document/DOC_E37A29B6C990.visual_ocr.json,D:/HersheySupplyChainAI/artifacts/02_visual_text/per_document/DOC_E37A29B6C990.visual_ocr.txt
DOC_E3E6C7C84910,milk_processing_separation_explanation.pdf,dairy_milk_skim_milk_milk_fat,pdf_document,False,0,0,0,0,0,D:/HersheySupplyChainAI/artifacts/02_visual_text/per_document/DOC_E3E6C7C84910.visual_ocr.json,D:/HersheySupplyChainAI/artifacts/02_visual_text/per_document/DOC_E3E6C7C84910.visual_ocr.txt
DOC_E5889DB5914A,Sugar-The-Hershey-Company-05-06-2026_02_22_PM.pdf,sugar,pdf_document,True,1,1,1,6184,4,D:/HersheySupplyChainAI/artifacts/02_visual_text/per_document/DOC_E5889DB5914A.visual_ocr.json,D:/HersheySupplyChainAI/artifacts/02_visual_text/per_document/DOC_E5889DB5914A.visual_ocr.txt
DOC_EBE512C33BCD,domino_sugar_asr_brand_page.pdf,sugar,pdf_document,True,1,1,1,1895,1,D:/HersheySupplyChainAI/artifacts/02_visual_text/per_document/DOC_EBE512C33BCD.visual_ocr.json,D:/HersheySupplyChainAI/artifacts/02_visual_text/per_document/DOC_EBE512C33BCD.visual_ocr.txt
DOC_F0190DCF0884,natural_flavor_declaration_fda_definition_reference.pdf,natural_flavor,pdf_document,False,4,0,0,0,0,D:/HersheySupplyChainAI/artifacts/02_visual_text/per_document/DOC_F0190DCF0884.visual_ocr.json,D:/HersheySupplyChainAI/artifacts/02_visual_text/per_document/DOC_F0190DCF0884.visual_ocr.txt
DOC_F203E734500B,PCU484484.xlsx,logistics_distribution,excel_workbook,False,0,0,0,0,0,D:/HersheySupplyChainAI/artifacts/02_visual_text/per_document/DOC_F203E734500B.visual_ocr.json,D:/HersheySupplyChainAI/artifacts/02_visual_text/per_document/DOC_F203E734500B.visual_ocr.txt
DOC_F398FB109346,pgpr_function_in_chocolate_explanation.pdf,pgpr,pdf_document,True,1,1,1,16033,9,D:/HersheySupplyChainAI/artifacts/02_visual_text/per_document/DOC_F398FB109346.visual_ocr.json,D:/HersheySupplyChainAI/artifacts/02_visual_text/per_document/DOC_F398FB109346.visual_ocr.txt
DOC_F89879677373,hershey_latest_esg_packaging_section.pdf,packaging_wrapper,pdf_document,True,1,1,1,71,1,D:/HersheySupplyChainAI/artifacts/02_visual_text/per_document/DOC_F89879677373.visual_ocr.json,D:/HersheySupplyChainAI/artifacts/02_visual_text/per_document/DOC_F89879677373.visual_ocr.txt
DOC_F976C0BE2B9A,usda_fas_cote_divoire_cocoa_sector_overview_2025.pdf,cocoa_chocolate_cocoa_butter,pdf_document,False,0,0,0,0,0,D:/HersheySupplyChainAI/artifacts/02_visual_text/per_document/DOC_F976C0BE2B9A.visual_ocr.json,D:/HersheySupplyChainAI/artifacts/02_visual_text/per_document/DOC_F976C0BE2B9A.visual_ocr.txt
DOC_FD5AB5AB5E8F,icco_cocoa_statistics_page.pdf,cocoa_chocolate_cocoa_butter,pdf_document,True,1,1,1,7299,4,D:/HersheySupplyChainAI/artifacts/02_visual_text/per_document/DOC_FD5AB5AB5E8F.visual_ocr.json,D:/HersheySupplyChainAI/artifacts/02_visual_text/per_document/DOC_FD5AB5AB5E8F.visual_ocr.txt
DOC_FDA0D8F4DCE2,mclane_company_facts_reference.pdf,logistics_distribution,pdf_document,True,1,1,1,6933,4,D:/HersheySupplyChainAI/artifacts/02_visual_text/per_document/DOC_FDA0D8F4DCE2.visual_ocr.json,D:/HersheySupplyChainAI/artifacts/02_visual_text/per_document/DOC_FDA0D8F4DCE2.visual_ocr.txt
DOC_FE10C8C34BF6,bls_ppi_packaging_materials_benchmark.pdf,packaging_wrapper,pdf_document,True,1,1,1,939,1,D:/HersheySupplyChainAI/artifacts/02_visual_text/per_document/DOC_FE10C8C34BF6.visual_ocr.json,D:/HersheySupplyChainAI/artifacts/02_visual_text/per_document/DOC_FE10C8C34BF6.visual_ocr.txt
DOC_FEA243351909,alliance_sustainable_dairy_pa_page.pdf,dairy_milk_skim_milk_milk_fat,pdf_document,True,1,1,1,3328,2,D:/HersheySupplyChainAI/artifacts/02_visual_text/per_document/DOC_FEA243351909.visual_ocr.json,D:/HersheySupplyChainAI/artifacts/02_visual_text/per_document/DOC_FEA243351909.visual_ocr.txt
