doc_id,file_name,packet,document_type,evidence_role,text_length,chunk_count,has_text
DOC_CA4CD5A61616,hershey_2025_10k_full.pdf,hershey_company,pdf_document,direct_company_evidence,2728,2,True
DOC_920988DD536E,Dairy-The-Hershey-Company-05-06-2026_02_22_PM.pdf,hershey_company,pdf_document,direct_company_evidence,14,1,True
DOC_4798F11F2524,Palm-Oil-The-Hershey-Company-05-06-2026_02_22_PM.pdf,hershey_company,pdf_document,direct_company_evidence,14,1,True
DOC_381414594006,Pulp-Paper-The-Hershey-Company-05-06-2026_02_23_PM.pdf,hershey_company,pdf_document,direct_company_evidence,14,1,True
DOC_6152C93503AC,hershey_responsible_sourcing_cocoa_page.pdf,hershey_company,pdf_document,direct_company_evidence,14,1,True
DOC_73F44125570A,hershey_latest_esg_sugar_section.pdf,hershey_company,pdf_document,direct_company_evidence,363048,205,True
DOC_BF1CF5E24E2A,034000002405_3.png,product_sku_1_55oz,image_or_logo,unknown,0,0,False
DOC_CF8C4A1F434C,hershey 1.55 oz page.pdf,product_sku_1_55oz,pdf_document,direct_company_evidence,14,1,True
DOC_D7D512504DFA,hershey unwrapped.png,product_sku_1_55oz,image_or_logo,direct_company_evidence,0,0,False
DOC_35AC43ECE38F,Hershey back.webp,product_sku_1_55oz,image_or_logo,direct_company_evidence,0,0,False
DOC_463FD3B8EDC9,Hershey Front.webp,product_sku_1_55oz,image_or_logo,direct_company_evidence,0,0,False
DOC_3A67DADA572A,barry_callebaut_annual_report_or_full_year_results_2024_25.pdf,cocoa_chocolate_cocoa_butter,pdf_document,supplier_relationship_context,404679,228,True
DOC_1EC92FF65460,barry_callebaut_company_profile.pdf,cocoa_chocolate_cocoa_butter,pdf_document,supplier_relationship_context,14,1,True
DOC_1082CA3E3F2A,barry_callebaut_hershey_supply_agreement_news_release.pdf,cocoa_chocolate_cocoa_butter,pdf_document,supplier_relationship_context,7316,4,True
DOC_71BF5D9AF123,barry_callebaut_hershey_supply_agreement_page.pdf,cocoa_chocolate_cocoa_butter,pdf_document,supplier_relationship_context,14,1,True
DOC_444A249CB5CF,barry_callebaut_social_environmental_impact_report_2024_25.pdf,cocoa_chocolate_cocoa_butter,pdf_document,supplier_relationship_context,271677,155,True
DOC_C87C22CB90A7,Cocoa-The-Hershey-Company-05-06-2026_02_25_PM.pdf,cocoa_chocolate_cocoa_butter,pdf_document,direct_company_evidence,14,1,True
DOC_8F85C09572BC,hershey_cocoa_for_good_strategy.pdf,cocoa_chocolate_cocoa_butter,pdf_document,direct_company_evidence,14,1,True
DOC_260B1720A1EF,hershey_cocoa_sustainability_page.pdf,cocoa_chocolate_cocoa_butter,pdf_document,direct_company_evidence,14,1,True
DOC_E37A29B6C990,barry_logo.svg,cocoa_chocolate_cocoa_butter,image_or_logo,visual_asset,0,0,False
DOC_F976C0BE2B9A,usda_fas_cote_divoire_cocoa_sector_overview_2025.pdf,cocoa_chocolate_cocoa_butter,pdf_document,benchmark_proxy,40024,23,True
DOC_033AA20F1EE1,usda_fas_ghana_cocoa_sector_overview_2025.pdf,cocoa_chocolate_cocoa_butter,pdf_document,benchmark_proxy,44757,25,True
DOC_FD5AB5AB5E8F,icco_cocoa_statistics_page.pdf,cocoa_chocolate_cocoa_butter,pdf_document,benchmark_proxy,14,1,True
DOC_08137C490006,ice_cocoa_futures_optional_screenshot.pdf,cocoa_chocolate_cocoa_butter,pdf_document,benchmark_proxy,14,1,True
DOC_B3858C187B41,cocoa_beans_quality_requirements_processing_guide.pdf,cocoa_chocolate_cocoa_butter,pdf_document,process_or_function_context,252539,145,True
DOC_2D8BE31DFAC8,icco_cocoa_butter_powder_faq.pdf,cocoa_chocolate_cocoa_butter,pdf_document,benchmark_proxy,5535,3,True
DOC_1E80FF9B816E,icco_processing_cocoa_page.pdf,cocoa_chocolate_cocoa_butter,pdf_document,benchmark_proxy,14,1,True
DOC_3FF97ACFA90D,hershey_dairy_sourcing_page.pdf,dairy_milk_skim_milk_milk_fat,pdf_document,direct_company_evidence,14,1,True
DOC_3DACF0FBC836,hershey_latest_esg_dairy_section.pdf,dairy_milk_skim_milk_milk_fat,pdf_document,direct_company_evidence,252523,140,True
DOC_75DA5EE841E9,hershey_sustainable_dairy_pa_2021_press_release.pdf,dairy_milk_skim_milk_milk_fat,pdf_document,direct_company_evidence,14,1,True
DOC_DC5C9E72C77A,land_o_lakes_2025_annual_report.pdf,dairy_milk_skim_milk_milk_fat,pdf_document,supplier_relationship_context,44859,28,True
DOC_BA82764C244F,land_o_lakes_community_impact_report.pdf,dairy_milk_skim_milk_milk_fat,pdf_document,supplier_relationship_context,14,1,True
DOC_3C5045700A98,land_o_lakes_hershey_chesapeake_bay_page.pdf,dairy_milk_skim_milk_milk_fat,pdf_document,supplier_relationship_context,14,1,True
DOC_D9B23C06662B,land_o_lakes_home_page.pdf,dairy_milk_skim_milk_milk_fat,pdf_document,supplier_relationship_context,14,1,True
DOC_2F8EE4491545,land_o_lakes_who_we_are_page.pdf,dairy_milk_skim_milk_milk_fat,pdf_document,supplier_relationship_context,14,1,True
DOC_FEA243351909,alliance_sustainable_dairy_pa_page.pdf,dairy_milk_skim_milk_milk_fat,pdf_document,unknown,14,1,True
DOC_6ECEDE6AFBC2,epa_hershey_land_o_lakes_pa_dairy_farms_2m_commitment.pdf,dairy_milk_skim_milk_milk_fat,pdf_document,supplier_relationship_context,14,1,True
DOC_9C88D07C6DBF,usda_ams_advanced_class_prices_latest.pdf,dairy_milk_skim_milk_milk_fat,pdf_document,benchmark_proxy,11906,7,True
DOC_E2BE0206EF0C,usda_ams_class_iv_milk_price_reference.pdf,dairy_milk_skim_milk_milk_fat,pdf_document,benchmark_proxy,1355,1,True
DOC_7FED8B7042EA,usda_ams_dairy_market_news_weekly_report_latest.pdf,dairy_milk_skim_milk_milk_fat,pdf_document,benchmark_proxy,78106,42,True
DOC_9232C3E84540,usda_ams_dairy_monthly_averages_latest.pdf,dairy_milk_skim_milk_milk_fat,pdf_document,benchmark_proxy,3693,3,True
DOC_A5418FB79897,usda_ams_national_dairy_products_sales_report_latest.pdf,dairy_milk_skim_milk_milk_fat,pdf_document,benchmark_proxy,7169,5,True
DOC_B28013FB1CA9,dairy_ingredients_in_chocolate_explanation.pdf,dairy_milk_skim_milk_milk_fat,pdf_document,process_or_function_context,14,1,True
DOC_C041385635A5,milk_fat_butterfat_explanation.pdf,dairy_milk_skim_milk_milk_fat,pdf_document,process_or_function_context,14,1,True
DOC_E3E6C7C84910,milk_processing_separation_explanation.pdf,dairy_milk_skim_milk_milk_fat,pdf_document,process_or_function_context,149382,90,True
DOC_400268FDC92A,nonfat_dry_milk_skim_milk_explanation.pdf,dairy_milk_skim_milk_milk_fat,pdf_document,process_or_function_context,14,1,True
DOC_CD36102F0A4D,land_o_lakes_logo_asset.png,dairy_milk_skim_milk_milk_fat,image_or_logo,visual_asset,0,0,False
DOC_C5E013D8DC8A,fda_21_cfr_101_22_natural_flavor_definition.pdf,natural_flavor,pdf_document,regulatory_definition,158,1,True
DOC_1D4C129E0BD4,fda_flavor_labeling_regulation_reference.pdf,natural_flavor,pdf_document,regulatory_definition,341434,202,True
DOC_F0190DCF0884,natural_flavor_declaration_fda_definition_reference.pdf,natural_flavor,pdf_document,regulatory_definition,12131,7,True
DOC_B690BF25DADF,fema_flavor_ingredient_library_page.pdf,natural_flavor,pdf_document,unknown,10809,7,True
DOC_DAEB12849174,fema_gras_program_page.pdf,natural_flavor,pdf_document,regulatory_definition,14,1,True
DOC_12314C1C49CF,interim_gras_33_apr_2026.pdf,natural_flavor,pdf_document,regulatory_definition,10809,7,True
DOC_1164AEC6C38C,natural_flavor_function_in_food_explanation.pdf,natural_flavor,pdf_document,process_or_function_context,14,1,True
DOC_0DD09547ACD4,natural_flavor_extraction_distillation_fermentation_explanation.pdf,natural_flavor,pdf_document,process_or_function_context,14,1,True
DOC_399D89EF9892,natural_flavor_market_overview_reference.pdf,natural_flavor,pdf_document,benchmark_proxy,14,1,True
DOC_F89879677373,hershey_latest_esg_packaging_section.pdf,packaging_wrapper,pdf_document,direct_company_evidence,363048,205,True
DOC_26064332B82F,hershey_pulp_paper_page.pdf,packaging_wrapper,pdf_document,direct_company_evidence,14,1,True
DOC_1ED749BEB0B8,pulp-and-paper-sourcing-policy.pdf,packaging_wrapper,pdf_document,direct_company_evidence,7253,4,True
DOC_66F839469130,hershey_pulp_and_paper_sourcing_data.pdf,packaging_wrapper,pdf_document,supplier_relationship_context,5207,3,True
DOC_C5BF7969016D,hershey_pulp_paper_supplier_mill_list.pdf,packaging_wrapper,pdf_document,supplier_relationship_context,5207,3,True
DOC_D22719A8CDC8,flexible_packaging_market_overview_reference.pdf,packaging_wrapper,pdf_document,benchmark_proxy,215,1,True
DOC_FE10C8C34BF6,bls_ppi_packaging_materials_benchmark.pdf,packaging_wrapper,pdf_document,benchmark_proxy,14,1,True
DOC_BCA0BB066D42,paperboard_packaging_market_overview_reference.pdf,packaging_wrapper,pdf_document,benchmark_proxy,14,1,True
DOC_8E60E28B0A31,efsa_pgpr_e476_reevaluation.pdf,pgpr,pdf_document,regulatory_definition,2008,1,True
DOC_9F0DF6069C86,fda_pgpr_gras_notice_inventory_page.pdf,pgpr,pdf_document,regulatory_definition,9296,5,True
DOC_101588EC345D,fda_pgpr_gras_response_letter.pdf,pgpr,pdf_document,regulatory_definition,9296,5,True
DOC_A6A693D3495F,pgpr_and_lecithin_chocolate_emulsifier_use.pdf,pgpr,pdf_document,process_or_function_context,14,1,True
DOC_F398FB109346,pgpr_function_in_chocolate_explanation.pdf,pgpr,pdf_document,process_or_function_context,14,1,True
DOC_1BE15D0DAB2F,castor_oil_ricinoleic_acid_pgpr_origin_reference.pdf,pgpr,pdf_document,process_or_function_context,14,1,True
DOC_5EE6EEAC2420,pgpr_processing_polyglycerol_ricinoleic_acid_explanation.pdf,pgpr,pdf_document,process_or_function_context,14,1,True
DOC_5BC712652F98,pgpr_market_overview_reference.pdf,pgpr,pdf_document,benchmark_proxy,21787,13,True
DOC_23BD14F34CEF,pgpr_market_price_reference.pdf,pgpr,pdf_document,benchmark_proxy,14,1,True
DOC_A2C285FFEE37,pgpr_industry_supplier_function_reference.pdf,pgpr,pdf_document,supplier_relationship_context,14,1,True
DOC_C341E0016B61,fda_lecithin_food_additive_or_gras_reference.pdf,soy_lecithin,pdf_document,regulatory_definition,14,1,True
DOC_51C8BD35B96E,lecithin_emulsifier_chocolate_use.pdf,soy_lecithin,pdf_document,process_or_function_context,14,1,True
DOC_2FB8D1A92FFF,soy_lecithin_function_in_chocolate_explanation.pdf,soy_lecithin,pdf_document,process_or_function_context,14,1,True
DOC_B544BFB9CF00,soybean_to_soy_lecithin_processing_explanation.pdf,soy_lecithin,pdf_document,process_or_function_context,14,1,True
DOC_7A2EEB1A9F31,soy_lecithin_market_price_reference.pdf,soy_lecithin,pdf_document,benchmark_proxy,14,1,True
DOC_A632502DE1F8,usda_soybean_soybean_oil_price_benchmark.pdf,soy_lecithin,pdf_document,benchmark_proxy,14,1,True
DOC_C035EBC878BA,soy_lecithin_industry_supplier_reference.pdf,soy_lecithin,pdf_document,supplier_relationship_context,14,1,True
DOC_0E5990AC3AEF,asr_belize_sugar_industries_page.pdf,sugar,pdf_document,supplier_relationship_context,14,1,True
DOC_4FB6669959F5,asr_fy23_sustainability_report.pdf,sugar,pdf_document,supplier_relationship_context,252296,150,True
DOC_535DD6E652B7,asr_group_about_page.pdf,sugar,pdf_document,supplier_relationship_context,14,1,True
DOC_DB66DBC968F9,asr_group_home_page.pdf,sugar,pdf_document,supplier_relationship_context,14,1,True
DOC_1E0944AC1DC5,asr_hershey_learn_to_grow_belize.pdf,sugar,pdf_document,supplier_relationship_context,14,1,True
DOC_02F4A4A84A57,asr_refined_sugar_process_or_products.pdf,sugar,pdf_document,supplier_relationship_context,14,1,True
DOC_C2BD8E23F83C,asr_sustainable_supply_chain_page.pdf,sugar,pdf_document,supplier_relationship_context,14,1,True
DOC_EBE512C33BCD,domino_sugar_asr_brand_page.pdf,sugar,pdf_document,supplier_relationship_context,14,1,True
DOC_74966F03A6A3,hershey_sugar_sourcing_page.pdf,sugar,pdf_document,direct_company_evidence,14,1,True
DOC_672F3875D726,hershey_sustainable_sugar_sourcing_policy.pdf,sugar,pdf_document,direct_company_evidence,1889,1,True
DOC_E5889DB5914A,Sugar-The-Hershey-Company-05-06-2026_02_22_PM.pdf,sugar,pdf_document,direct_company_evidence,14,1,True
DOC_0CCBAF9E6D49,ASR_Group_logo.svg,sugar,image_or_logo,visual_asset,0,0,False
DOC_257C2CABB7C1,Group3-Tables-US-Sugar-Crop-Production-and-Sugar-Production-Deliveries-and-Stocks.csv,sugar,csv_table,unknown,8590,4,True
DOC_D24FEC8E2E35,usda_ers_sugar_market_outlook_latest.pdf,sugar,pdf_document,benchmark_proxy,14,1,True
DOC_E2CBD160658D,usda_ers_sugar_outlook_latest_pdf.pdf,sugar,pdf_document,benchmark_proxy,25236,16,True
DOC_6F01C5426EEB,usda_ers_sugar_sweeteners_yearbook_tables.xlsx,sugar,excel_workbook,benchmark_proxy,139785,22,True
DOC_32FA1CD834CD,sugar_cane_beet_processing_explanation.pdf,sugar,pdf_document,process_or_function_context,49228,27,True
DOC_71CE92D20645,hershey_distribution_center_logistics_reference.pdf,logistics_distribution,pdf_document,direct_company_evidence,122,1,True
DOC_FDA0D8F4DCE2,mclane_company_facts_reference.pdf,logistics_distribution,pdf_document,supplier_relationship_context,14,1,True
DOC_050BBCAC6B3F,mclane_company_profile.pdf,logistics_distribution,pdf_document,supplier_relationship_context,14,1,True
DOC_0C6FF4D0AACE,mclane_grocery_retail_distribution_page.pdf,logistics_distribution,pdf_document,supplier_relationship_context,14,1,True
DOC_940D070C225C,bls_warehousing_storage_ppi_benchmark.pdf,logistics_distribution,pdf_document,benchmark_proxy,14,1,True
DOC_1EB5146FBACE,bls_truck_transportation_ppi_benchmark.pdf,logistics_distribution,pdf_document,benchmark_proxy,14,1,True
DOC_89FEEC7103A9,eia_diesel_price_benchmark.pdf,logistics_distribution,pdf_document,benchmark_proxy,14,1,True
DOC_C1E296D7AAAC,trucking_rate_market_reference.pdf,logistics_distribution,pdf_document,benchmark_proxy,14,1,True
DOC_55B0E1DB0BD6,common_carrier_freight_explanation.pdf,logistics_distribution,pdf_document,process_or_function_context,14,1,True
DOC_88DAB6FD44D8,cpg_distribution_center_explanation.pdf,logistics_distribution,pdf_document,process_or_function_context,215,1,True
DOC_41FA1AC07EDD,retail_wholesale_distribution_explanation.pdf,logistics_distribution,pdf_document,process_or_function_context,86,1,True
DOC_3C7D40BBDFD0,mclane_logo_asset.png,logistics_distribution,image_or_logo,visual_asset,0,0,False
DOC_F203E734500B,PCU484484.xlsx,logistics_distribution,excel_workbook,unknown,2762,1,True
DOC_11A00D6495C0,PCU49314931.xlsx,logistics_distribution,excel_workbook,unknown,2830,1,True
DOC_4ED7D04B1CB5,pswrgvwall.xls,logistics_distribution,excel_workbook,unknown,522504,38,True
DOC_01971A613130,WPU09150336.csv,logistics_distribution,csv_table,unknown,717,1,True
DOC_0D21678E3116,cvs_hershey_1_55oz_price_page.pdf,retail_price_evidence,pdf_document,retail_price_evidence,14,1,True
DOC_4D6583498B7A,target_hershey_1_55oz_price_page.pdf,retail_price_evidence,pdf_document,retail_price_evidence,14,1,True
DOC_5E90ED0F32AB,walgreens_hershey_1_55oz_price_page.pdf,retail_price_evidence,pdf_document,retail_price_evidence,14,1,True
DOC_1F6D46FB75CC,walmart_hershey_1_55oz_price_page.pdf,retail_price_evidence,pdf_document,retail_price_evidence,14,1,True
DOC_AB943BE3F9BC,hershey_company_logo.png,brand_logo_assets,image_or_logo,visual_asset,0,0,False
DOC_7AD7B5853282,Hersheyland-Explore-Hershey-Products.pdf,reference_only,pdf_document,reference_only,14,1,True
