doc_id,file_name,relative_path,absolute_path,packet,source_category,document_type,evidence_role,file_extension,file_size_bytes,sha256,supported_by_parser,parser_status,notes
DOC_CA4CD5A61616,hershey_2025_10k_full.pdf,00_hershey_company/annual_reports/hershey_2025_10k_full.pdf,D:/HersheySupplyChainAI/data/raw_sources/00_hershey_company/annual_reports/hershey_2025_10k_full.pdf,hershey_company,hershey_company,pdf_document,direct_company_evidence,.pdf,63645481,25e30bcd8b037483132479f9cc17359572eb70a2808ca72721429bf3aa74eb17,True,pending,
DOC_920988DD536E,Dairy-The-Hershey-Company-05-06-2026_02_22_PM.pdf,00_hershey_company/other_ingredient_pages/Dairy-The-Hershey-Company-05-06-2026_02_22_PM.pdf,D:/HersheySupplyChainAI/data/raw_sources/00_hershey_company/other_ingredient_pages/Dairy-The-Hershey-Company-05-06-2026_02_22_PM.pdf,hershey_company,hershey_company,pdf_document,direct_company_evidence,.pdf,2980467,4432549426494a11709f3ffe2be0d8411f93a769b432c0dab2e411395a7d2cdc,True,pending,
DOC_4798F11F2524,Palm-Oil-The-Hershey-Company-05-06-2026_02_22_PM.pdf,00_hershey_company/other_ingredient_pages/Palm-Oil-The-Hershey-Company-05-06-2026_02_22_PM.pdf,D:/HersheySupplyChainAI/data/raw_sources/00_hershey_company/other_ingredient_pages/Palm-Oil-The-Hershey-Company-05-06-2026_02_22_PM.pdf,hershey_company,hershey_company,pdf_document,direct_company_evidence,.pdf,6586846,eb0c60ce069f684f378c433fc2d17cef41eaf6e11247d6654a3e92c6a5a1ea3e,True,pending,
DOC_381414594006,Pulp-Paper-The-Hershey-Company-05-06-2026_02_23_PM.pdf,00_hershey_company/other_ingredient_pages/Pulp-Paper-The-Hershey-Company-05-06-2026_02_23_PM.pdf,D:/HersheySupplyChainAI/data/raw_sources/00_hershey_company/other_ingredient_pages/Pulp-Paper-The-Hershey-Company-05-06-2026_02_23_PM.pdf,hershey_company,hershey_company,pdf_document,direct_company_evidence,.pdf,1810219,81a0cefd57e82b29ed759e20fb956aa7625af05b102ed60c997df9135e72e9f7,True,pending,
DOC_6152C93503AC,hershey_responsible_sourcing_cocoa_page.pdf,00_hershey_company/responsible_sourcing/hershey_responsible_sourcing_cocoa_page.pdf,D:/HersheySupplyChainAI/data/raw_sources/00_hershey_company/responsible_sourcing/hershey_responsible_sourcing_cocoa_page.pdf,hershey_company,hershey_company,pdf_document,direct_company_evidence,.pdf,4813453,d1178ec6bba0db4f0959b87c96052edd51d88fe08ea5c5b1be2262b60be07dad,True,pending,
DOC_73F44125570A,hershey_latest_esg_sugar_section.pdf,00_hershey_company/sustainability_reports/hershey_latest_esg_sugar_section.pdf,D:/HersheySupplyChainAI/data/raw_sources/00_hershey_company/sustainability_reports/hershey_latest_esg_sugar_section.pdf,hershey_company,hershey_company,pdf_document,direct_company_evidence,.pdf,26994042,9bb27a3f0f703d0218d184ae5dd881e53cd6f14034f7328943ff6d033f190587,True,pending,
DOC_BF1CF5E24E2A,034000002405_3.png,01_product_sku_1_55oz/nutrition_ingredients/034000002405_3.png,D:/HersheySupplyChainAI/data/raw_sources/01_product_sku_1_55oz/nutrition_ingredients/034000002405_3.png,product_sku_1_55oz,product_sku,image_or_logo,unknown,.png,259480,16846e9e1b1c1aef8059a107f0f1b1b2e6bdde7d426df87df6e1cad1027dc083,True,pending,
DOC_CF8C4A1F434C,hershey 1.55 oz page.pdf,01_product_sku_1_55oz/official_product_pages/hershey 1.55 oz page.pdf,D:/HersheySupplyChainAI/data/raw_sources/01_product_sku_1_55oz/official_product_pages/hershey 1.55 oz page.pdf,product_sku_1_55oz,product_sku,pdf_document,direct_company_evidence,.pdf,5154701,4dda77025308518f2d599e3feccdb1b736fb0b42be14a68abb4dd2e5ee43c2d0,True,pending,
DOC_D7D512504DFA,hershey unwrapped.png,01_product_sku_1_55oz/product_visuals/hershey unwrapped.png,D:/HersheySupplyChainAI/data/raw_sources/01_product_sku_1_55oz/product_visuals/hershey unwrapped.png,product_sku_1_55oz,product_sku,image_or_logo,direct_company_evidence,.png,665316,ce20a334255b65bcb26c792b6b86a3802b216edbd54b0f097bd77742bf83abef,True,pending,
DOC_35AC43ECE38F,Hershey back.webp,01_product_sku_1_55oz/wrapper_back/Hershey back.webp,D:/HersheySupplyChainAI/data/raw_sources/01_product_sku_1_55oz/wrapper_back/Hershey back.webp,product_sku_1_55oz,product_sku,image_or_logo,direct_company_evidence,.webp,27288,a19470d75e555483b57f5afe6f9af5f156bd8c90d49d5627eb5b79a0e0c94d97,True,pending,
DOC_463FD3B8EDC9,Hershey Front.webp,01_product_sku_1_55oz/wrapper_front/Hershey Front.webp,D:/HersheySupplyChainAI/data/raw_sources/01_product_sku_1_55oz/wrapper_front/Hershey Front.webp,product_sku_1_55oz,product_sku,image_or_logo,direct_company_evidence,.webp,19892,edaf2a4ec640cb9fc9783fc46f9296e06fade496e2ee61fcbab7c9f2e08fafa5,True,pending,
DOC_3A67DADA572A,barry_callebaut_annual_report_or_full_year_results_2024_25.pdf,03_ingredient_research/cocoa_chocolate_cocoa_butter/barry_callebaut_supplier_evidence/barry_callebaut_annual_report_or_full_year_results_2024_25.pdf,D:/HersheySupplyChainAI/data/raw_sources/03_ingredient_research/cocoa_chocolate_cocoa_butter/barry_callebaut_supplier_evidence/barry_callebaut_annual_report_or_full_year_results_2024_25.pdf,cocoa_chocolate_cocoa_butter,ingredient_or_packaging_research,pdf_document,supplier_relationship_context,.pdf,21435220,371d1a38e4eb223cd02337930ce4814391a6e7b03bca98f1ded4ea80eb0ef6a1,True,pending,
DOC_1EC92FF65460,barry_callebaut_company_profile.pdf,03_ingredient_research/cocoa_chocolate_cocoa_butter/barry_callebaut_supplier_evidence/barry_callebaut_company_profile.pdf,D:/HersheySupplyChainAI/data/raw_sources/03_ingredient_research/cocoa_chocolate_cocoa_butter/barry_callebaut_supplier_evidence/barry_callebaut_company_profile.pdf,cocoa_chocolate_cocoa_butter,ingredient_or_packaging_research,pdf_document,supplier_relationship_context,.pdf,6524021,2d6e49faf1cf631fa6b0361db5d1929711f597aa67e299da61a45e084b777cc1,True,pending,
DOC_1082CA3E3F2A,barry_callebaut_hershey_supply_agreement_news_release.pdf,03_ingredient_research/cocoa_chocolate_cocoa_butter/barry_callebaut_supplier_evidence/barry_callebaut_hershey_supply_agreement_news_release.pdf,D:/HersheySupplyChainAI/data/raw_sources/03_ingredient_research/cocoa_chocolate_cocoa_butter/barry_callebaut_supplier_evidence/barry_callebaut_hershey_supply_agreement_news_release.pdf,cocoa_chocolate_cocoa_butter,ingredient_or_packaging_research,pdf_document,supplier_relationship_context,.pdf,70170,7fed6e0ca7b88f1fadda91217a47068bb4056b3f00bbc510f3002b7bf55a0467,True,pending,
DOC_71BF5D9AF123,barry_callebaut_hershey_supply_agreement_page.pdf,03_ingredient_research/cocoa_chocolate_cocoa_butter/barry_callebaut_supplier_evidence/barry_callebaut_hershey_supply_agreement_page.pdf,D:/HersheySupplyChainAI/data/raw_sources/03_ingredient_research/cocoa_chocolate_cocoa_butter/barry_callebaut_supplier_evidence/barry_callebaut_hershey_supply_agreement_page.pdf,cocoa_chocolate_cocoa_butter,ingredient_or_packaging_research,pdf_document,supplier_relationship_context,.pdf,2835300,e99f3c447556307986149c6e2c9061a7f4b32198676cc563964b27da074e8b28,True,pending,
DOC_444A249CB5CF,barry_callebaut_social_environmental_impact_report_2024_25.pdf,03_ingredient_research/cocoa_chocolate_cocoa_butter/barry_callebaut_supplier_evidence/barry_callebaut_social_environmental_impact_report_2024_25.pdf,D:/HersheySupplyChainAI/data/raw_sources/03_ingredient_research/cocoa_chocolate_cocoa_butter/barry_callebaut_supplier_evidence/barry_callebaut_social_environmental_impact_report_2024_25.pdf,cocoa_chocolate_cocoa_butter,ingredient_or_packaging_research,pdf_document,supplier_relationship_context,.pdf,23263174,4aec08a0bc68c69248c93ec57df8da52d7497c22be65f8cbd9ff637fe556597d,True,pending,
DOC_C87C22CB90A7,Cocoa-The-Hershey-Company-05-06-2026_02_25_PM.pdf,03_ingredient_research/cocoa_chocolate_cocoa_butter/hershey_evidence/Cocoa-The-Hershey-Company-05-06-2026_02_25_PM.pdf,D:/HersheySupplyChainAI/data/raw_sources/03_ingredient_research/cocoa_chocolate_cocoa_butter/hershey_evidence/Cocoa-The-Hershey-Company-05-06-2026_02_25_PM.pdf,cocoa_chocolate_cocoa_butter,ingredient_or_packaging_research,pdf_document,direct_company_evidence,.pdf,6622743,47800a0bf883346233d5fde1194177591576639ef6448312769c76e6970c6363,True,pending,
DOC_8F85C09572BC,hershey_cocoa_for_good_strategy.pdf,03_ingredient_research/cocoa_chocolate_cocoa_butter/hershey_evidence/hershey_cocoa_for_good_strategy.pdf,D:/HersheySupplyChainAI/data/raw_sources/03_ingredient_research/cocoa_chocolate_cocoa_butter/hershey_evidence/hershey_cocoa_for_good_strategy.pdf,cocoa_chocolate_cocoa_butter,ingredient_or_packaging_research,pdf_document,direct_company_evidence,.pdf,3389243,d1f596a509eb05a28ef8f1a27ce12a688ae29641a6913bbe182ebe39e1733d00,True,pending,
DOC_260B1720A1EF,hershey_cocoa_sustainability_page.pdf,03_ingredient_research/cocoa_chocolate_cocoa_butter/hershey_evidence/hershey_cocoa_sustainability_page.pdf,D:/HersheySupplyChainAI/data/raw_sources/03_ingredient_research/cocoa_chocolate_cocoa_butter/hershey_evidence/hershey_cocoa_sustainability_page.pdf,cocoa_chocolate_cocoa_butter,ingredient_or_packaging_research,pdf_document,direct_company_evidence,.pdf,5034139,270759b4aeeccbc99ca68caa092255399075b759ab19c4f8facf04a12b609678,True,pending,
DOC_E37A29B6C990,barry_logo.svg,03_ingredient_research/cocoa_chocolate_cocoa_butter/logo_assets/barry_logo.svg,D:/HersheySupplyChainAI/data/raw_sources/03_ingredient_research/cocoa_chocolate_cocoa_butter/logo_assets/barry_logo.svg,cocoa_chocolate_cocoa_butter,ingredient_or_packaging_research,image_or_logo,visual_asset,.svg,4511,0314fc7ef84d930e1923fc1a39deccd71b096a9336bbdebf32e4ca750c9f9ae6,True,pending,
DOC_F976C0BE2B9A,usda_fas_cote_divoire_cocoa_sector_overview_2025.pdf,03_ingredient_research/cocoa_chocolate_cocoa_butter/origin_evidence/usda_fas_cote_divoire_cocoa_sector_overview_2025.pdf,D:/HersheySupplyChainAI/data/raw_sources/03_ingredient_research/cocoa_chocolate_cocoa_butter/origin_evidence/usda_fas_cote_divoire_cocoa_sector_overview_2025.pdf,cocoa_chocolate_cocoa_butter,ingredient_or_packaging_research,pdf_document,benchmark_proxy,.pdf,811760,1236464a7540e77e08df49751ec3c034b8fea92835b0fb3c24d8fb5e022b7678,True,pending,
DOC_033AA20F1EE1,usda_fas_ghana_cocoa_sector_overview_2025.pdf,03_ingredient_research/cocoa_chocolate_cocoa_butter/origin_evidence/usda_fas_ghana_cocoa_sector_overview_2025.pdf,D:/HersheySupplyChainAI/data/raw_sources/03_ingredient_research/cocoa_chocolate_cocoa_butter/origin_evidence/usda_fas_ghana_cocoa_sector_overview_2025.pdf,cocoa_chocolate_cocoa_butter,ingredient_or_packaging_research,pdf_document,benchmark_proxy,.pdf,1098411,437b187c7c5f5d35f3b3fdcc9b85cc3ba6ebe11f6f6ca7c0f8d3f9035972b929,True,pending,
DOC_FD5AB5AB5E8F,icco_cocoa_statistics_page.pdf,03_ingredient_research/cocoa_chocolate_cocoa_butter/price_benchmarks/icco_cocoa_statistics_page.pdf,D:/HersheySupplyChainAI/data/raw_sources/03_ingredient_research/cocoa_chocolate_cocoa_butter/price_benchmarks/icco_cocoa_statistics_page.pdf,cocoa_chocolate_cocoa_butter,ingredient_or_packaging_research,pdf_document,benchmark_proxy,.pdf,2334032,0376229172cd1c822c78698a4f51ed070cde49dac18ad5af6ff0ad1e98fdf3dd,True,pending,
DOC_08137C490006,ice_cocoa_futures_optional_screenshot.pdf,03_ingredient_research/cocoa_chocolate_cocoa_butter/price_benchmarks/ice_cocoa_futures_optional_screenshot.pdf,D:/HersheySupplyChainAI/data/raw_sources/03_ingredient_research/cocoa_chocolate_cocoa_butter/price_benchmarks/ice_cocoa_futures_optional_screenshot.pdf,cocoa_chocolate_cocoa_butter,ingredient_or_packaging_research,pdf_document,benchmark_proxy,.pdf,1844610,a8e6a24115226ad1facb4e5905c42a94b5796979afe02c821d2ebbad8db977bf,True,pending,
DOC_B3858C187B41,cocoa_beans_quality_requirements_processing_guide.pdf,03_ingredient_research/cocoa_chocolate_cocoa_butter/processing_explanation/cocoa_beans_quality_requirements_processing_guide.pdf,D:/HersheySupplyChainAI/data/raw_sources/03_ingredient_research/cocoa_chocolate_cocoa_butter/processing_explanation/cocoa_beans_quality_requirements_processing_guide.pdf,cocoa_chocolate_cocoa_butter,ingredient_or_packaging_research,pdf_document,process_or_function_context,.pdf,6838949,3237d6f3fcf364000a4ac630a73bf0497bdcc75510ad9e768b80ca806fb71b20,True,pending,
DOC_2D8BE31DFAC8,icco_cocoa_butter_powder_faq.pdf,03_ingredient_research/cocoa_chocolate_cocoa_butter/processing_explanation/icco_cocoa_butter_powder_faq.pdf,D:/HersheySupplyChainAI/data/raw_sources/03_ingredient_research/cocoa_chocolate_cocoa_butter/processing_explanation/icco_cocoa_butter_powder_faq.pdf,cocoa_chocolate_cocoa_butter,ingredient_or_packaging_research,pdf_document,benchmark_proxy,.pdf,1499600,5f83daae3a13d291d6e796674c7bf020a0394685d9d472b32f90a02c1e17a2c9,True,pending,
DOC_1E80FF9B816E,icco_processing_cocoa_page.pdf,03_ingredient_research/cocoa_chocolate_cocoa_butter/processing_explanation/icco_processing_cocoa_page.pdf,D:/HersheySupplyChainAI/data/raw_sources/03_ingredient_research/cocoa_chocolate_cocoa_butter/processing_explanation/icco_processing_cocoa_page.pdf,cocoa_chocolate_cocoa_butter,ingredient_or_packaging_research,pdf_document,benchmark_proxy,.pdf,1962732,e545ac9fa3f00e90ac8bfcd45efbab94fc4012e418cafec08f7dd2a0ac1c3603,True,pending,
DOC_3FF97ACFA90D,hershey_dairy_sourcing_page.pdf,03_ingredient_research/dairy_milk_skim_milk_milk_fat/00_hershey_dairy_evidence/hershey_dairy_sourcing_page.pdf,D:/HersheySupplyChainAI/data/raw_sources/03_ingredient_research/dairy_milk_skim_milk_milk_fat/00_hershey_dairy_evidence/hershey_dairy_sourcing_page.pdf,dairy_milk_skim_milk_milk_fat,ingredient_or_packaging_research,pdf_document,direct_company_evidence,.pdf,2980467,770ea61d6468bd6721bdc650be17f9091dfc169573962849c3c78413d820264f,True,pending,
DOC_3DACF0FBC836,hershey_latest_esg_dairy_section.pdf,03_ingredient_research/dairy_milk_skim_milk_milk_fat/00_hershey_dairy_evidence/hershey_latest_esg_dairy_section.pdf,D:/HersheySupplyChainAI/data/raw_sources/03_ingredient_research/dairy_milk_skim_milk_milk_fat/00_hershey_dairy_evidence/hershey_latest_esg_dairy_section.pdf,dairy_milk_skim_milk_milk_fat,ingredient_or_packaging_research,pdf_document,direct_company_evidence,.pdf,9642129,6427743d7c22b5c680b7ae3a309c2d060c55eb2d6cf7c5d8c34bfa6278984b2b,True,pending,
DOC_75DA5EE841E9,hershey_sustainable_dairy_pa_2021_press_release.pdf,03_ingredient_research/dairy_milk_skim_milk_milk_fat/00_hershey_dairy_evidence/hershey_sustainable_dairy_pa_2021_press_release.pdf,D:/HersheySupplyChainAI/data/raw_sources/03_ingredient_research/dairy_milk_skim_milk_milk_fat/00_hershey_dairy_evidence/hershey_sustainable_dairy_pa_2021_press_release.pdf,dairy_milk_skim_milk_milk_fat,ingredient_or_packaging_research,pdf_document,direct_company_evidence,.pdf,3201918,7d51579571d6211dcae2c07606bce00783cbf08d8b28a39b6e1f7cbcdde3c3b5,True,pending,
DOC_DC5C9E72C77A,land_o_lakes_2025_annual_report.pdf,03_ingredient_research/dairy_milk_skim_milk_milk_fat/01_land_o_lakes_supplier_evidence/land_o_lakes_2025_annual_report.pdf,D:/HersheySupplyChainAI/data/raw_sources/03_ingredient_research/dairy_milk_skim_milk_milk_fat/01_land_o_lakes_supplier_evidence/land_o_lakes_2025_annual_report.pdf,dairy_milk_skim_milk_milk_fat,ingredient_or_packaging_research,pdf_document,supplier_relationship_context,.pdf,29188632,5004caa2c2d295d11ddd7d992c9a1490379eacaa5fa4e007ec7f5bc8d61f6609,True,pending,
DOC_BA82764C244F,land_o_lakes_community_impact_report.pdf,03_ingredient_research/dairy_milk_skim_milk_milk_fat/01_land_o_lakes_supplier_evidence/land_o_lakes_community_impact_report.pdf,D:/HersheySupplyChainAI/data/raw_sources/03_ingredient_research/dairy_milk_skim_milk_milk_fat/01_land_o_lakes_supplier_evidence/land_o_lakes_community_impact_report.pdf,dairy_milk_skim_milk_milk_fat,ingredient_or_packaging_research,pdf_document,supplier_relationship_context,.pdf,2627586,0ca9167060d6907788307fb0a6a5c4bc4ee1bdcb92901603ac86ef0659d25812,True,pending,
DOC_3C5045700A98,land_o_lakes_hershey_chesapeake_bay_page.pdf,03_ingredient_research/dairy_milk_skim_milk_milk_fat/01_land_o_lakes_supplier_evidence/land_o_lakes_hershey_chesapeake_bay_page.pdf,D:/HersheySupplyChainAI/data/raw_sources/03_ingredient_research/dairy_milk_skim_milk_milk_fat/01_land_o_lakes_supplier_evidence/land_o_lakes_hershey_chesapeake_bay_page.pdf,dairy_milk_skim_milk_milk_fat,ingredient_or_packaging_research,pdf_document,supplier_relationship_context,.pdf,5997282,7c1a2c55fb99e4434d1cbe40c6e827e680dc73c3372f298637d4c8b2fae43276,True,pending,
DOC_D9B23C06662B,land_o_lakes_home_page.pdf,03_ingredient_research/dairy_milk_skim_milk_milk_fat/01_land_o_lakes_supplier_evidence/land_o_lakes_home_page.pdf,D:/HersheySupplyChainAI/data/raw_sources/03_ingredient_research/dairy_milk_skim_milk_milk_fat/01_land_o_lakes_supplier_evidence/land_o_lakes_home_page.pdf,dairy_milk_skim_milk_milk_fat,ingredient_or_packaging_research,pdf_document,supplier_relationship_context,.pdf,7048474,77125a2059191723a3b39881cbb5a317df781688eb1f8537aa246fdadca19ab8,True,pending,
DOC_2F8EE4491545,land_o_lakes_who_we_are_page.pdf,03_ingredient_research/dairy_milk_skim_milk_milk_fat/01_land_o_lakes_supplier_evidence/land_o_lakes_who_we_are_page.pdf,D:/HersheySupplyChainAI/data/raw_sources/03_ingredient_research/dairy_milk_skim_milk_milk_fat/01_land_o_lakes_supplier_evidence/land_o_lakes_who_we_are_page.pdf,dairy_milk_skim_milk_milk_fat,ingredient_or_packaging_research,pdf_document,supplier_relationship_context,.pdf,8713969,96e43f574378b848e26e53e32666e5736c1aaf2eed1e2a99d5f82c88e64ae6ca,True,pending,
DOC_FEA243351909,alliance_sustainable_dairy_pa_page.pdf,03_ingredient_research/dairy_milk_skim_milk_milk_fat/02_dairy_origin_farm_evidence/alliance_sustainable_dairy_pa_page.pdf,D:/HersheySupplyChainAI/data/raw_sources/03_ingredient_research/dairy_milk_skim_milk_milk_fat/02_dairy_origin_farm_evidence/alliance_sustainable_dairy_pa_page.pdf,dairy_milk_skim_milk_milk_fat,ingredient_or_packaging_research,pdf_document,unknown,.pdf,2743314,b3b734c3537951a1845001d1158f3ba02d3afd65f758a9d92a98b17df4e98c1f,True,pending,
DOC_6ECEDE6AFBC2,epa_hershey_land_o_lakes_pa_dairy_farms_2m_commitment.pdf,03_ingredient_research/dairy_milk_skim_milk_milk_fat/02_dairy_origin_farm_evidence/epa_hershey_land_o_lakes_pa_dairy_farms_2m_commitment.pdf,D:/HersheySupplyChainAI/data/raw_sources/03_ingredient_research/dairy_milk_skim_milk_milk_fat/02_dairy_origin_farm_evidence/epa_hershey_land_o_lakes_pa_dairy_farms_2m_commitment.pdf,dairy_milk_skim_milk_milk_fat,ingredient_or_packaging_research,pdf_document,supplier_relationship_context,.pdf,3134221,3867ae98e6726e7bde847b3b7b1d277579d211150ffa6c3c533d30b5f9ac9586,True,pending,
DOC_9C88D07C6DBF,usda_ams_advanced_class_prices_latest.pdf,03_ingredient_research/dairy_milk_skim_milk_milk_fat/03_dairy_price_benchmarks/usda_ams_advanced_class_prices_latest.pdf,D:/HersheySupplyChainAI/data/raw_sources/03_ingredient_research/dairy_milk_skim_milk_milk_fat/03_dairy_price_benchmarks/usda_ams_advanced_class_prices_latest.pdf,dairy_milk_skim_milk_milk_fat,ingredient_or_packaging_research,pdf_document,benchmark_proxy,.pdf,434897,d363844a93eed0def6b1b7ea5eab69b44f7619936a873f0c52825dd310af1dd4,True,pending,
DOC_E2BE0206EF0C,usda_ams_class_iv_milk_price_reference.pdf,03_ingredient_research/dairy_milk_skim_milk_milk_fat/03_dairy_price_benchmarks/usda_ams_class_iv_milk_price_reference.pdf,D:/HersheySupplyChainAI/data/raw_sources/03_ingredient_research/dairy_milk_skim_milk_milk_fat/03_dairy_price_benchmarks/usda_ams_class_iv_milk_price_reference.pdf,dairy_milk_skim_milk_milk_fat,ingredient_or_packaging_research,pdf_document,benchmark_proxy,.pdf,757067,5b27b2ba1c88bdd1e3e30ac0f2114d4095355c0c4f5cfa21c55957785af9fb20,True,pending,
DOC_7FED8B7042EA,usda_ams_dairy_market_news_weekly_report_latest.pdf,03_ingredient_research/dairy_milk_skim_milk_milk_fat/03_dairy_price_benchmarks/usda_ams_dairy_market_news_weekly_report_latest.pdf,D:/HersheySupplyChainAI/data/raw_sources/03_ingredient_research/dairy_milk_skim_milk_milk_fat/03_dairy_price_benchmarks/usda_ams_dairy_market_news_weekly_report_latest.pdf,dairy_milk_skim_milk_milk_fat,ingredient_or_packaging_research,pdf_document,benchmark_proxy,.pdf,1869441,913becedf41ba0e98e3709d76f1ad3f9313958f2d27ced4765dadd1d1511edec,True,pending,
DOC_9232C3E84540,usda_ams_dairy_monthly_averages_latest.pdf,03_ingredient_research/dairy_milk_skim_milk_milk_fat/03_dairy_price_benchmarks/usda_ams_dairy_monthly_averages_latest.pdf,D:/HersheySupplyChainAI/data/raw_sources/03_ingredient_research/dairy_milk_skim_milk_milk_fat/03_dairy_price_benchmarks/usda_ams_dairy_monthly_averages_latest.pdf,dairy_milk_skim_milk_milk_fat,ingredient_or_packaging_research,pdf_document,benchmark_proxy,.pdf,273211,c619c1d6cd4a4aba168eea17a2686d2e17b9ddebf7cf7ba4c0e07521b3fbbcf6,True,pending,
DOC_A5418FB79897,usda_ams_national_dairy_products_sales_report_latest.pdf,03_ingredient_research/dairy_milk_skim_milk_milk_fat/03_dairy_price_benchmarks/usda_ams_national_dairy_products_sales_report_latest.pdf,D:/HersheySupplyChainAI/data/raw_sources/03_ingredient_research/dairy_milk_skim_milk_milk_fat/03_dairy_price_benchmarks/usda_ams_national_dairy_products_sales_report_latest.pdf,dairy_milk_skim_milk_milk_fat,ingredient_or_packaging_research,pdf_document,benchmark_proxy,.pdf,417978,6457d403991f3f3bb0bf83051e59b89d6b97224bc0237bcfeb8f77394a737344,True,pending,
DOC_B28013FB1CA9,dairy_ingredients_in_chocolate_explanation.pdf,03_ingredient_research/dairy_milk_skim_milk_milk_fat/04_dairy_processing_explanation/dairy_ingredients_in_chocolate_explanation.pdf,D:/HersheySupplyChainAI/data/raw_sources/03_ingredient_research/dairy_milk_skim_milk_milk_fat/04_dairy_processing_explanation/dairy_ingredients_in_chocolate_explanation.pdf,dairy_milk_skim_milk_milk_fat,ingredient_or_packaging_research,pdf_document,process_or_function_context,.pdf,6783272,7fe2cdb61d3820308fcff3bdcd952aff59466ec6a3ca53c35c06ff7157435930,True,pending,
DOC_C041385635A5,milk_fat_butterfat_explanation.pdf,03_ingredient_research/dairy_milk_skim_milk_milk_fat/04_dairy_processing_explanation/milk_fat_butterfat_explanation.pdf,D:/HersheySupplyChainAI/data/raw_sources/03_ingredient_research/dairy_milk_skim_milk_milk_fat/04_dairy_processing_explanation/milk_fat_butterfat_explanation.pdf,dairy_milk_skim_milk_milk_fat,ingredient_or_packaging_research,pdf_document,process_or_function_context,.pdf,6508581,832a87c3dd1cad422124fc5e857b909510a111926fccbdccf4e88551c11c7b3d,True,pending,
DOC_E3E6C7C84910,milk_processing_separation_explanation.pdf,03_ingredient_research/dairy_milk_skim_milk_milk_fat/04_dairy_processing_explanation/milk_processing_separation_explanation.pdf,D:/HersheySupplyChainAI/data/raw_sources/03_ingredient_research/dairy_milk_skim_milk_milk_fat/04_dairy_processing_explanation/milk_processing_separation_explanation.pdf,dairy_milk_skim_milk_milk_fat,ingredient_or_packaging_research,pdf_document,process_or_function_context,.pdf,293154,1d8531cc613c03e966f29103ba7c1d3590a3ff0e20cfd53c3d8eb33808550e96,True,pending,
DOC_400268FDC92A,nonfat_dry_milk_skim_milk_explanation.pdf,03_ingredient_research/dairy_milk_skim_milk_milk_fat/04_dairy_processing_explanation/nonfat_dry_milk_skim_milk_explanation.pdf,D:/HersheySupplyChainAI/data/raw_sources/03_ingredient_research/dairy_milk_skim_milk_milk_fat/04_dairy_processing_explanation/nonfat_dry_milk_skim_milk_explanation.pdf,dairy_milk_skim_milk_milk_fat,ingredient_or_packaging_research,pdf_document,process_or_function_context,.pdf,2149907,aaf620cf9fdc8d6d2a45393ac226e139f35e13faba392e40f0a97778166ec178,True,pending,
DOC_CD36102F0A4D,land_o_lakes_logo_asset.png,03_ingredient_research/dairy_milk_skim_milk_milk_fat/05_logo_assets/land_o_lakes_logo_asset.png,D:/HersheySupplyChainAI/data/raw_sources/03_ingredient_research/dairy_milk_skim_milk_milk_fat/05_logo_assets/land_o_lakes_logo_asset.png,dairy_milk_skim_milk_milk_fat,ingredient_or_packaging_research,image_or_logo,visual_asset,.png,64110,7f6c20b54d5cf6f0c9e681cdb749800406fc7d7a5fd6b9c58cf2484e520cf9c5,True,pending,
DOC_C5E013D8DC8A,fda_21_cfr_101_22_natural_flavor_definition.pdf,03_ingredient_research/natural_flavor/00_regulatory_definition/fda_21_cfr_101_22_natural_flavor_definition.pdf,D:/HersheySupplyChainAI/data/raw_sources/03_ingredient_research/natural_flavor/00_regulatory_definition/fda_21_cfr_101_22_natural_flavor_definition.pdf,natural_flavor,ingredient_or_packaging_research,pdf_document,regulatory_definition,.pdf,2777498,a543a3db8520768eae76e8e5a5b4bef3a21e3ec16d3e9375eaa0779bd3ab5be2,True,pending,
DOC_1D4C129E0BD4,fda_flavor_labeling_regulation_reference.pdf,03_ingredient_research/natural_flavor/00_regulatory_definition/fda_flavor_labeling_regulation_reference.pdf,D:/HersheySupplyChainAI/data/raw_sources/03_ingredient_research/natural_flavor/00_regulatory_definition/fda_flavor_labeling_regulation_reference.pdf,natural_flavor,ingredient_or_packaging_research,pdf_document,regulatory_definition,.pdf,8945276,47296a92eb754b24466459de0ff00f262c1915fa784df4a3af65ddfa29f57935,True,pending,
DOC_F0190DCF0884,natural_flavor_declaration_fda_definition_reference.pdf,03_ingredient_research/natural_flavor/00_regulatory_definition/natural_flavor_declaration_fda_definition_reference.pdf,D:/HersheySupplyChainAI/data/raw_sources/03_ingredient_research/natural_flavor/00_regulatory_definition/natural_flavor_declaration_fda_definition_reference.pdf,natural_flavor,ingredient_or_packaging_research,pdf_document,regulatory_definition,.pdf,233226,b94696fab1907b4d7e713c97e7b583a6662c03dddfa18fcdbb356542f667265c,True,pending,
DOC_B690BF25DADF,fema_flavor_ingredient_library_page.pdf,03_ingredient_research/natural_flavor/01_fema_gras_context/fema_flavor_ingredient_library_page.pdf,D:/HersheySupplyChainAI/data/raw_sources/03_ingredient_research/natural_flavor/01_fema_gras_context/fema_flavor_ingredient_library_page.pdf,natural_flavor,ingredient_or_packaging_research,pdf_document,unknown,.pdf,351543,d38a17d0cb53a893d274263bdc0c1616054e4707d2112c09c45155d32d564aeb,True,pending,
DOC_DAEB12849174,fema_gras_program_page.pdf,03_ingredient_research/natural_flavor/01_fema_gras_context/fema_gras_program_page.pdf,D:/HersheySupplyChainAI/data/raw_sources/03_ingredient_research/natural_flavor/01_fema_gras_context/fema_gras_program_page.pdf,natural_flavor,ingredient_or_packaging_research,pdf_document,regulatory_definition,.pdf,7583461,bd25f3569b0c18897f277da59e4d824d9c10c60d7d2e5e1c4217d71339689629,True,pending,
DOC_12314C1C49CF,interim_gras_33_apr_2026.pdf,03_ingredient_research/natural_flavor/01_fema_gras_context/interim_gras_33_apr_2026.pdf,D:/HersheySupplyChainAI/data/raw_sources/03_ingredient_research/natural_flavor/01_fema_gras_context/interim_gras_33_apr_2026.pdf,natural_flavor,ingredient_or_packaging_research,pdf_document,regulatory_definition,.pdf,351543,d38a17d0cb53a893d274263bdc0c1616054e4707d2112c09c45155d32d564aeb,True,pending,
DOC_1164AEC6C38C,natural_flavor_function_in_food_explanation.pdf,03_ingredient_research/natural_flavor/02_function_in_food/natural_flavor_function_in_food_explanation.pdf,D:/HersheySupplyChainAI/data/raw_sources/03_ingredient_research/natural_flavor/02_function_in_food/natural_flavor_function_in_food_explanation.pdf,natural_flavor,ingredient_or_packaging_research,pdf_document,process_or_function_context,.pdf,3133996,268d121d7b0dfa2d8a5a1e03ad7530b5ed0d423e608636e5c89431755a47540f,True,pending,
DOC_0DD09547ACD4,natural_flavor_extraction_distillation_fermentation_explanation.pdf,03_ingredient_research/natural_flavor/03_processing_origin/natural_flavor_extraction_distillation_fermentation_explanation.pdf,D:/HersheySupplyChainAI/data/raw_sources/03_ingredient_research/natural_flavor/03_processing_origin/natural_flavor_extraction_distillation_fermentation_explanation.pdf,natural_flavor,ingredient_or_packaging_research,pdf_document,process_or_function_context,.pdf,781342,7089d1facc6f803a8bbdb988a5bb10ec26760b192792b491c6d3686ab972a4b6,True,pending,
DOC_399D89EF9892,natural_flavor_market_overview_reference.pdf,03_ingredient_research/natural_flavor/04_market_cost_context/natural_flavor_market_overview_reference.pdf,D:/HersheySupplyChainAI/data/raw_sources/03_ingredient_research/natural_flavor/04_market_cost_context/natural_flavor_market_overview_reference.pdf,natural_flavor,ingredient_or_packaging_research,pdf_document,benchmark_proxy,.pdf,6222690,b70abb9bf223d514520caa7bb7b9064f7a96afcb3a6df2bf6ebc43c94425158d,True,pending,
DOC_F89879677373,hershey_latest_esg_packaging_section.pdf,03_ingredient_research/packaging_wrapper/00_hershey_packaging_evidence/hershey_latest_esg_packaging_section.pdf,D:/HersheySupplyChainAI/data/raw_sources/03_ingredient_research/packaging_wrapper/00_hershey_packaging_evidence/hershey_latest_esg_packaging_section.pdf,packaging_wrapper,ingredient_or_packaging_research,pdf_document,direct_company_evidence,.pdf,26994042,9bb27a3f0f703d0218d184ae5dd881e53cd6f14034f7328943ff6d033f190587,True,pending,
DOC_26064332B82F,hershey_pulp_paper_page.pdf,03_ingredient_research/packaging_wrapper/00_hershey_packaging_evidence/hershey_pulp_paper_page.pdf,D:/HersheySupplyChainAI/data/raw_sources/03_ingredient_research/packaging_wrapper/00_hershey_packaging_evidence/hershey_pulp_paper_page.pdf,packaging_wrapper,ingredient_or_packaging_research,pdf_document,direct_company_evidence,.pdf,1810219,2afa96c38733f3989a610178c6e84b5b6746b30ce2e67bd1546f0f99858f0f76,True,pending,
DOC_1ED749BEB0B8,pulp-and-paper-sourcing-policy.pdf,03_ingredient_research/packaging_wrapper/00_hershey_packaging_evidence/pulp-and-paper-sourcing-policy.pdf,D:/HersheySupplyChainAI/data/raw_sources/03_ingredient_research/packaging_wrapper/00_hershey_packaging_evidence/pulp-and-paper-sourcing-policy.pdf,packaging_wrapper,ingredient_or_packaging_research,pdf_document,direct_company_evidence,.pdf,68248,17de846d96b1ea4f4459e2f242b63561c6e2c33fc11a8422f47973823e626da3,True,pending,
DOC_66F839469130,hershey_pulp_and_paper_sourcing_data.pdf,03_ingredient_research/packaging_wrapper/01_supplier_mill_list/hershey_pulp_and_paper_sourcing_data.pdf,D:/HersheySupplyChainAI/data/raw_sources/03_ingredient_research/packaging_wrapper/01_supplier_mill_list/hershey_pulp_and_paper_sourcing_data.pdf,packaging_wrapper,ingredient_or_packaging_research,pdf_document,supplier_relationship_context,.pdf,101582,898cefa75e17f307e18ec74931cbde288402e10d1518e56c68ff7be60f3ebe53,True,pending,
DOC_C5BF7969016D,hershey_pulp_paper_supplier_mill_list.pdf,03_ingredient_research/packaging_wrapper/01_supplier_mill_list/hershey_pulp_paper_supplier_mill_list.pdf,D:/HersheySupplyChainAI/data/raw_sources/03_ingredient_research/packaging_wrapper/01_supplier_mill_list/hershey_pulp_paper_supplier_mill_list.pdf,packaging_wrapper,ingredient_or_packaging_research,pdf_document,supplier_relationship_context,.pdf,101582,898cefa75e17f307e18ec74931cbde288402e10d1518e56c68ff7be60f3ebe53,True,pending,
DOC_D22719A8CDC8,flexible_packaging_market_overview_reference.pdf,03_ingredient_research/packaging_wrapper/02_packaging_material_process/flexible_packaging_market_overview_reference.pdf,D:/HersheySupplyChainAI/data/raw_sources/03_ingredient_research/packaging_wrapper/02_packaging_material_process/flexible_packaging_market_overview_reference.pdf,packaging_wrapper,ingredient_or_packaging_research,pdf_document,benchmark_proxy,.pdf,4520757,40ab1a9207b4d06d6ab9a26d0ee4ce8cb41882f4d2f6edde13a7aaa08d452928,True,pending,
DOC_FE10C8C34BF6,bls_ppi_packaging_materials_benchmark.pdf,03_ingredient_research/packaging_wrapper/03_packaging_cost_benchmarks/bls_ppi_packaging_materials_benchmark.pdf,D:/HersheySupplyChainAI/data/raw_sources/03_ingredient_research/packaging_wrapper/03_packaging_cost_benchmarks/bls_ppi_packaging_materials_benchmark.pdf,packaging_wrapper,ingredient_or_packaging_research,pdf_document,benchmark_proxy,.pdf,518212,6def5052045da99fe904a2150984838f6b41b5001ecfcd5ef2f1a22cff98249f,True,pending,
DOC_BCA0BB066D42,paperboard_packaging_market_overview_reference.pdf,03_ingredient_research/packaging_wrapper/04_market_context/paperboard_packaging_market_overview_reference.pdf,D:/HersheySupplyChainAI/data/raw_sources/03_ingredient_research/packaging_wrapper/04_market_context/paperboard_packaging_market_overview_reference.pdf,packaging_wrapper,ingredient_or_packaging_research,pdf_document,benchmark_proxy,.pdf,5107019,63c4363b6ba5c3f19664ac1e4edb48293a011c34d559cab63ad408ecbfdd4981,True,pending,
DOC_8E60E28B0A31,efsa_pgpr_e476_reevaluation.pdf,03_ingredient_research/pgpr/00_regulatory_evidence/efsa_pgpr_e476_reevaluation.pdf,D:/HersheySupplyChainAI/data/raw_sources/03_ingredient_research/pgpr/00_regulatory_evidence/efsa_pgpr_e476_reevaluation.pdf,pgpr,ingredient_or_packaging_research,pdf_document,regulatory_definition,.pdf,43139621,14f212906c7f8f8664feac92428a400dfea59ba14999c32c2d70b0847b48e086,True,pending,
DOC_9F0DF6069C86,fda_pgpr_gras_notice_inventory_page.pdf,03_ingredient_research/pgpr/00_regulatory_evidence/fda_pgpr_gras_notice_inventory_page.pdf,D:/HersheySupplyChainAI/data/raw_sources/03_ingredient_research/pgpr/00_regulatory_evidence/fda_pgpr_gras_notice_inventory_page.pdf,pgpr,ingredient_or_packaging_research,pdf_document,regulatory_definition,.pdf,230331,a72f6dcee0c23f7b096f1cc6f060178b660749cc1293af4bf526c49931fbf307,True,pending,
DOC_101588EC345D,fda_pgpr_gras_response_letter.pdf,03_ingredient_research/pgpr/00_regulatory_evidence/fda_pgpr_gras_response_letter.pdf,D:/HersheySupplyChainAI/data/raw_sources/03_ingredient_research/pgpr/00_regulatory_evidence/fda_pgpr_gras_response_letter.pdf,pgpr,ingredient_or_packaging_research,pdf_document,regulatory_definition,.pdf,230331,a72f6dcee0c23f7b096f1cc6f060178b660749cc1293af4bf526c49931fbf307,True,pending,
DOC_A6A693D3495F,pgpr_and_lecithin_chocolate_emulsifier_use.pdf,03_ingredient_research/pgpr/01_function_in_chocolate/pgpr_and_lecithin_chocolate_emulsifier_use.pdf,D:/HersheySupplyChainAI/data/raw_sources/03_ingredient_research/pgpr/01_function_in_chocolate/pgpr_and_lecithin_chocolate_emulsifier_use.pdf,pgpr,ingredient_or_packaging_research,pdf_document,process_or_function_context,.pdf,395328,4c5c35d5e19faa4b10723e2e9e13a886dbe3ffde362d065ead42306519ce9473,True,pending,
DOC_F398FB109346,pgpr_function_in_chocolate_explanation.pdf,03_ingredient_research/pgpr/01_function_in_chocolate/pgpr_function_in_chocolate_explanation.pdf,D:/HersheySupplyChainAI/data/raw_sources/03_ingredient_research/pgpr/01_function_in_chocolate/pgpr_function_in_chocolate_explanation.pdf,pgpr,ingredient_or_packaging_research,pdf_document,process_or_function_context,.pdf,7413472,0ee12b101d0da071603093bdfcde0718be2455e1fd083d4450e5c19bda8e2ae0,True,pending,
DOC_1BE15D0DAB2F,castor_oil_ricinoleic_acid_pgpr_origin_reference.pdf,03_ingredient_research/pgpr/02_processing_origin/castor_oil_ricinoleic_acid_pgpr_origin_reference.pdf,D:/HersheySupplyChainAI/data/raw_sources/03_ingredient_research/pgpr/02_processing_origin/castor_oil_ricinoleic_acid_pgpr_origin_reference.pdf,pgpr,ingredient_or_packaging_research,pdf_document,process_or_function_context,.pdf,8087913,6ed00026cb53f59a79368797c96664e07faa393bda04a9d93ddfaf2c26a087fa,True,pending,
DOC_5EE6EEAC2420,pgpr_processing_polyglycerol_ricinoleic_acid_explanation.pdf,03_ingredient_research/pgpr/02_processing_origin/pgpr_processing_polyglycerol_ricinoleic_acid_explanation.pdf,D:/HersheySupplyChainAI/data/raw_sources/03_ingredient_research/pgpr/02_processing_origin/pgpr_processing_polyglycerol_ricinoleic_acid_explanation.pdf,pgpr,ingredient_or_packaging_research,pdf_document,process_or_function_context,.pdf,6391462,948f986c12c2bb6636498caf7a7c8e69563ca7829f1d87bdd0a824fa61517593,True,pending,
DOC_5BC712652F98,pgpr_market_overview_reference.pdf,03_ingredient_research/pgpr/03_price_benchmarks/pgpr_market_overview_reference.pdf,D:/HersheySupplyChainAI/data/raw_sources/03_ingredient_research/pgpr/03_price_benchmarks/pgpr_market_overview_reference.pdf,pgpr,ingredient_or_packaging_research,pdf_document,benchmark_proxy,.pdf,83242,0e2e6ac97bb5d4fd9dfd40a3915bb5d61fa6bb98f7064aa9317529351eda8c11,True,pending,
DOC_23BD14F34CEF,pgpr_market_price_reference.pdf,03_ingredient_research/pgpr/03_price_benchmarks/pgpr_market_price_reference.pdf,D:/HersheySupplyChainAI/data/raw_sources/03_ingredient_research/pgpr/03_price_benchmarks/pgpr_market_price_reference.pdf,pgpr,ingredient_or_packaging_research,pdf_document,benchmark_proxy,.pdf,376919,4e7cea775fac0823ffff56c7a09975097b4281d57073dd44a04547c9d6284989,True,pending,
DOC_A2C285FFEE37,pgpr_industry_supplier_function_reference.pdf,03_ingredient_research/pgpr/04_industry_supplier_reference/pgpr_industry_supplier_function_reference.pdf,D:/HersheySupplyChainAI/data/raw_sources/03_ingredient_research/pgpr/04_industry_supplier_reference/pgpr_industry_supplier_function_reference.pdf,pgpr,ingredient_or_packaging_research,pdf_document,supplier_relationship_context,.pdf,6056744,5c4b94e0d6a26e07d1fa3b88fed63f84eb4d9c0857f2d2972a3a66447335b05c,True,pending,
DOC_C341E0016B61,fda_lecithin_food_additive_or_gras_reference.pdf,03_ingredient_research/soy_lecithin/00_regulatory_evidence/fda_lecithin_food_additive_or_gras_reference.pdf,D:/HersheySupplyChainAI/data/raw_sources/03_ingredient_research/soy_lecithin/00_regulatory_evidence/fda_lecithin_food_additive_or_gras_reference.pdf,soy_lecithin,ingredient_or_packaging_research,pdf_document,regulatory_definition,.pdf,976155,af1e6e2397c567f188613329a9dc72bc0bfd3cf21c5b3d70eef3725802e8695b,True,pending,
DOC_51C8BD35B96E,lecithin_emulsifier_chocolate_use.pdf,03_ingredient_research/soy_lecithin/01_function_in_chocolate/lecithin_emulsifier_chocolate_use.pdf,D:/HersheySupplyChainAI/data/raw_sources/03_ingredient_research/soy_lecithin/01_function_in_chocolate/lecithin_emulsifier_chocolate_use.pdf,soy_lecithin,ingredient_or_packaging_research,pdf_document,process_or_function_context,.pdf,2456709,dac3b3a124cbaa142bc8503e90e33575a3def50bbf9d657a1943c5debda29f16,True,pending,
DOC_2FB8D1A92FFF,soy_lecithin_function_in_chocolate_explanation.pdf,03_ingredient_research/soy_lecithin/01_function_in_chocolate/soy_lecithin_function_in_chocolate_explanation.pdf,D:/HersheySupplyChainAI/data/raw_sources/03_ingredient_research/soy_lecithin/01_function_in_chocolate/soy_lecithin_function_in_chocolate_explanation.pdf,soy_lecithin,ingredient_or_packaging_research,pdf_document,process_or_function_context,.pdf,6643208,f45ff9e7da63efc1e1699e27b91c9ae73b8fd2a3392ac2cf17694c39404b6c20,True,pending,
DOC_B544BFB9CF00,soybean_to_soy_lecithin_processing_explanation.pdf,03_ingredient_research/soy_lecithin/02_processing_explanation/soybean_to_soy_lecithin_processing_explanation.pdf,D:/HersheySupplyChainAI/data/raw_sources/03_ingredient_research/soy_lecithin/02_processing_explanation/soybean_to_soy_lecithin_processing_explanation.pdf,soy_lecithin,ingredient_or_packaging_research,pdf_document,process_or_function_context,.pdf,1919947,a1b20917132a7c00abbaca62d73c1ce3eb6e8bbe3b805f9984c41cabf70ef2a5,True,pending,
DOC_7A2EEB1A9F31,soy_lecithin_market_price_reference.pdf,03_ingredient_research/soy_lecithin/03_price_benchmarks/soy_lecithin_market_price_reference.pdf,D:/HersheySupplyChainAI/data/raw_sources/03_ingredient_research/soy_lecithin/03_price_benchmarks/soy_lecithin_market_price_reference.pdf,soy_lecithin,ingredient_or_packaging_research,pdf_document,benchmark_proxy,.pdf,665837,0be0dfb73b56b8f793b75249d4e87fb0bc8f1e8efedf5395f61dd13ed92c109e,True,pending,
DOC_A632502DE1F8,usda_soybean_soybean_oil_price_benchmark.pdf,03_ingredient_research/soy_lecithin/03_price_benchmarks/usda_soybean_soybean_oil_price_benchmark.pdf,D:/HersheySupplyChainAI/data/raw_sources/03_ingredient_research/soy_lecithin/03_price_benchmarks/usda_soybean_soybean_oil_price_benchmark.pdf,soy_lecithin,ingredient_or_packaging_research,pdf_document,benchmark_proxy,.pdf,2236526,27dcf78c1ef449267730acf9effce3babf1bdd58bb2d50847729dd7ba9d2455b,True,pending,
DOC_C035EBC878BA,soy_lecithin_industry_supplier_reference.pdf,03_ingredient_research/soy_lecithin/04_industry_supplier_reference/soy_lecithin_industry_supplier_reference.pdf,D:/HersheySupplyChainAI/data/raw_sources/03_ingredient_research/soy_lecithin/04_industry_supplier_reference/soy_lecithin_industry_supplier_reference.pdf,soy_lecithin,ingredient_or_packaging_research,pdf_document,supplier_relationship_context,.pdf,594128,69b3713acbedafc0431b0bc15f13568c903991621fba39c2d1328cb516c403a1,True,pending,
DOC_0E5990AC3AEF,asr_belize_sugar_industries_page.pdf,03_ingredient_research/sugar/asr_supplier_evidence/asr_belize_sugar_industries_page.pdf,D:/HersheySupplyChainAI/data/raw_sources/03_ingredient_research/sugar/asr_supplier_evidence/asr_belize_sugar_industries_page.pdf,sugar,ingredient_or_packaging_research,pdf_document,supplier_relationship_context,.pdf,3301313,d1f77b13b62a745dc70b6d5edab86928bf9d73a5937ea6ed494af6559d82a272,True,pending,
DOC_4FB6669959F5,asr_fy23_sustainability_report.pdf,03_ingredient_research/sugar/asr_supplier_evidence/asr_fy23_sustainability_report.pdf,D:/HersheySupplyChainAI/data/raw_sources/03_ingredient_research/sugar/asr_supplier_evidence/asr_fy23_sustainability_report.pdf,sugar,ingredient_or_packaging_research,pdf_document,supplier_relationship_context,.pdf,19589955,8eaba7133453eb1218a501d0a842769bd5050e75566e344a5b4016b69df02a34,True,pending,
DOC_535DD6E652B7,asr_group_about_page.pdf,03_ingredient_research/sugar/asr_supplier_evidence/asr_group_about_page.pdf,D:/HersheySupplyChainAI/data/raw_sources/03_ingredient_research/sugar/asr_supplier_evidence/asr_group_about_page.pdf,sugar,ingredient_or_packaging_research,pdf_document,supplier_relationship_context,.pdf,5224171,4553b3034179cd41fe37c9c8e78dbdfbeba0f7baf4cc15835178ad60989e3dfc,True,pending,
DOC_DB66DBC968F9,asr_group_home_page.pdf,03_ingredient_research/sugar/asr_supplier_evidence/asr_group_home_page.pdf,D:/HersheySupplyChainAI/data/raw_sources/03_ingredient_research/sugar/asr_supplier_evidence/asr_group_home_page.pdf,sugar,ingredient_or_packaging_research,pdf_document,supplier_relationship_context,.pdf,7431683,46ce34c194f08e580b0650841a56a26b39b48af84e10c3416bf5eac59f613ea6,True,pending,
DOC_1E0944AC1DC5,asr_hershey_learn_to_grow_belize.pdf,03_ingredient_research/sugar/asr_supplier_evidence/asr_hershey_learn_to_grow_belize.pdf,D:/HersheySupplyChainAI/data/raw_sources/03_ingredient_research/sugar/asr_supplier_evidence/asr_hershey_learn_to_grow_belize.pdf,sugar,ingredient_or_packaging_research,pdf_document,supplier_relationship_context,.pdf,3763008,13bc013e6e8d32489c33de689b74ca4a65e3035165b00a97d32ae4dce23f106d,True,pending,
DOC_02F4A4A84A57,asr_refined_sugar_process_or_products.pdf,03_ingredient_research/sugar/asr_supplier_evidence/asr_refined_sugar_process_or_products.pdf,D:/HersheySupplyChainAI/data/raw_sources/03_ingredient_research/sugar/asr_supplier_evidence/asr_refined_sugar_process_or_products.pdf,sugar,ingredient_or_packaging_research,pdf_document,supplier_relationship_context,.pdf,4058618,8cf35c6b7fbddcfdc1afd1c52f45b19b674315b1e2f604e43664f067971d8a5e,True,pending,
DOC_C2BD8E23F83C,asr_sustainable_supply_chain_page.pdf,03_ingredient_research/sugar/asr_supplier_evidence/asr_sustainable_supply_chain_page.pdf,D:/HersheySupplyChainAI/data/raw_sources/03_ingredient_research/sugar/asr_supplier_evidence/asr_sustainable_supply_chain_page.pdf,sugar,ingredient_or_packaging_research,pdf_document,supplier_relationship_context,.pdf,2907182,f6591fe072b8b6fa47b9ea0cccf0e0c98f11915975fa99f59f149f2e812e959f,True,pending,
DOC_EBE512C33BCD,domino_sugar_asr_brand_page.pdf,03_ingredient_research/sugar/asr_supplier_evidence/domino_sugar_asr_brand_page.pdf,D:/HersheySupplyChainAI/data/raw_sources/03_ingredient_research/sugar/asr_supplier_evidence/domino_sugar_asr_brand_page.pdf,sugar,ingredient_or_packaging_research,pdf_document,supplier_relationship_context,.pdf,2811247,7c59cfd384cd721984133fa780e3e88cfa6e1671c7e2057d5f0a6c04216eeecd,True,pending,
DOC_74966F03A6A3,hershey_sugar_sourcing_page.pdf,03_ingredient_research/sugar/hershey_evidence/hershey_sugar_sourcing_page.pdf,D:/HersheySupplyChainAI/data/raw_sources/03_ingredient_research/sugar/hershey_evidence/hershey_sugar_sourcing_page.pdf,sugar,ingredient_or_packaging_research,pdf_document,direct_company_evidence,.pdf,2998496,106b244db595892ba777e12720a6bf7e9570f6b20d0b9bb25f6a487d36a8ab3c,True,pending,
DOC_672F3875D726,hershey_sustainable_sugar_sourcing_policy.pdf,03_ingredient_research/sugar/hershey_evidence/hershey_sustainable_sugar_sourcing_policy.pdf,D:/HersheySupplyChainAI/data/raw_sources/03_ingredient_research/sugar/hershey_evidence/hershey_sustainable_sugar_sourcing_policy.pdf,sugar,ingredient_or_packaging_research,pdf_document,direct_company_evidence,.pdf,244992,b932b8c9ceaede77ecd1c6969da830bfecfccc42b0f18f352e8967afd100520f,True,pending,
DOC_E5889DB5914A,Sugar-The-Hershey-Company-05-06-2026_02_22_PM.pdf,03_ingredient_research/sugar/hershey_evidence/Sugar-The-Hershey-Company-05-06-2026_02_22_PM.pdf,D:/HersheySupplyChainAI/data/raw_sources/03_ingredient_research/sugar/hershey_evidence/Sugar-The-Hershey-Company-05-06-2026_02_22_PM.pdf,sugar,ingredient_or_packaging_research,pdf_document,direct_company_evidence,.pdf,2998496,fc668f454765865897e3426e07f94a1d1e0d3f9e5a8300c7e84a3fc5e6037691,True,pending,
DOC_0CCBAF9E6D49,ASR_Group_logo.svg,03_ingredient_research/sugar/logo_assets/ASR_Group_logo.svg,D:/HersheySupplyChainAI/data/raw_sources/03_ingredient_research/sugar/logo_assets/ASR_Group_logo.svg,sugar,ingredient_or_packaging_research,image_or_logo,visual_asset,.svg,3575,681b60b3b1946a30edd2aed781e6a05b1d21aa3c8409472b1cf27dcea5d7004e,True,pending,
DOC_257C2CABB7C1,Group3-Tables-US-Sugar-Crop-Production-and-Sugar-Production-Deliveries-and-Stocks.csv,03_ingredient_research/sugar/origin_cane_beet_evidence/Group3-Tables-US-Sugar-Crop-Production-and-Sugar-Production-Deliveries-and-Stocks.csv,D:/HersheySupplyChainAI/data/raw_sources/03_ingredient_research/sugar/origin_cane_beet_evidence/Group3-Tables-US-Sugar-Crop-Production-and-Sugar-Production-Deliveries-and-Stocks.csv,sugar,ingredient_or_packaging_research,csv_table,unknown,.csv,11267895,29c68f13d3cfb003d1ab93d1dbdb0e234daa6f06e9f2bdcbad6a8d663f3c299b,True,pending,
DOC_D24FEC8E2E35,usda_ers_sugar_market_outlook_latest.pdf,03_ingredient_research/sugar/price_benchmarks/usda_ers_sugar_market_outlook_latest.pdf,D:/HersheySupplyChainAI/data/raw_sources/03_ingredient_research/sugar/price_benchmarks/usda_ers_sugar_market_outlook_latest.pdf,sugar,ingredient_or_packaging_research,pdf_document,benchmark_proxy,.pdf,2126997,451daabcc1f874de5a87b5d9dbdd73b73568267477d00e3ed97083db176a8d87,True,pending,
DOC_E2CBD160658D,usda_ers_sugar_outlook_latest_pdf.pdf,03_ingredient_research/sugar/price_benchmarks/usda_ers_sugar_outlook_latest_pdf.pdf,D:/HersheySupplyChainAI/data/raw_sources/03_ingredient_research/sugar/price_benchmarks/usda_ers_sugar_outlook_latest_pdf.pdf,sugar,ingredient_or_packaging_research,pdf_document,benchmark_proxy,.pdf,797130,44f8ca9c3300cc2462a3fac523869f9d857fd62c2ba5a91a05247c46cbe07dae,True,pending,
DOC_6F01C5426EEB,usda_ers_sugar_sweeteners_yearbook_tables.xlsx,03_ingredient_research/sugar/price_benchmarks/usda_ers_sugar_sweeteners_yearbook_tables.xlsx,D:/HersheySupplyChainAI/data/raw_sources/03_ingredient_research/sugar/price_benchmarks/usda_ers_sugar_sweeteners_yearbook_tables.xlsx,sugar,ingredient_or_packaging_research,excel_workbook,benchmark_proxy,.xlsx,360957,7d162d56da3e0bc6f9f5baf93eb67542c0347d0d9f8e6247e480ed54bd65fe3b,True,pending,
DOC_32FA1CD834CD,sugar_cane_beet_processing_explanation.pdf,03_ingredient_research/sugar/process_explanation/sugar_cane_beet_processing_explanation.pdf,D:/HersheySupplyChainAI/data/raw_sources/03_ingredient_research/sugar/process_explanation/sugar_cane_beet_processing_explanation.pdf,sugar,ingredient_or_packaging_research,pdf_document,process_or_function_context,.pdf,463528,5db601a29349e7ab2540098f0970ee5aac682b27c19042667f9dd6e821faf848,True,pending,
DOC_71CE92D20645,hershey_distribution_center_logistics_reference.pdf,04_logistics_distribution/00_hershey_distribution_evidence/hershey_distribution_center_logistics_reference.pdf,D:/HersheySupplyChainAI/data/raw_sources/04_logistics_distribution/00_hershey_distribution_evidence/hershey_distribution_center_logistics_reference.pdf,logistics_distribution,logistics_distribution,pdf_document,direct_company_evidence,.pdf,3739693,dd4532657402ef6a4015dd1115620078b727aa92cdaca7d956d70ff589e35cf3,True,pending,
DOC_FDA0D8F4DCE2,mclane_company_facts_reference.pdf,04_logistics_distribution/01_mclane_downstream_evidence/mclane_company_facts_reference.pdf,D:/HersheySupplyChainAI/data/raw_sources/04_logistics_distribution/01_mclane_downstream_evidence/mclane_company_facts_reference.pdf,logistics_distribution,logistics_distribution,pdf_document,supplier_relationship_context,.pdf,3748860,1ef7c84b437867711365ed4159b25858760b3bc873c56a9349c066dbeeafeef3,True,pending,
DOC_050BBCAC6B3F,mclane_company_profile.pdf,04_logistics_distribution/01_mclane_downstream_evidence/mclane_company_profile.pdf,D:/HersheySupplyChainAI/data/raw_sources/04_logistics_distribution/01_mclane_downstream_evidence/mclane_company_profile.pdf,logistics_distribution,logistics_distribution,pdf_document,supplier_relationship_context,.pdf,4361199,cdb0939ff87f6862de919e0fd434349aa6da237f3fb4801e0742191ba6c9e3ad,True,pending,
DOC_0C6FF4D0AACE,mclane_grocery_retail_distribution_page.pdf,04_logistics_distribution/01_mclane_downstream_evidence/mclane_grocery_retail_distribution_page.pdf,D:/HersheySupplyChainAI/data/raw_sources/04_logistics_distribution/01_mclane_downstream_evidence/mclane_grocery_retail_distribution_page.pdf,logistics_distribution,logistics_distribution,pdf_document,supplier_relationship_context,.pdf,1923259,b15bd9d9a018796222d2ade46a00553799cce6b37cb3af35d41c75dbd2b573ee,True,pending,
DOC_940D070C225C,bls_warehousing_storage_ppi_benchmark.pdf,04_logistics_distribution/02_warehousing_cost_benchmarks/bls_warehousing_storage_ppi_benchmark.pdf,D:/HersheySupplyChainAI/data/raw_sources/04_logistics_distribution/02_warehousing_cost_benchmarks/bls_warehousing_storage_ppi_benchmark.pdf,logistics_distribution,logistics_distribution,pdf_document,benchmark_proxy,.pdf,602039,bd32471e667dd3cfe3fb175c0ba5bdd63fdb02da3d3b511a001b494f0f7c1645,True,pending,
DOC_1EB5146FBACE,bls_truck_transportation_ppi_benchmark.pdf,04_logistics_distribution/03_freight_trucking_diesel_benchmarks/bls_truck_transportation_ppi_benchmark.pdf,D:/HersheySupplyChainAI/data/raw_sources/04_logistics_distribution/03_freight_trucking_diesel_benchmarks/bls_truck_transportation_ppi_benchmark.pdf,logistics_distribution,logistics_distribution,pdf_document,benchmark_proxy,.pdf,509756,360495edcd99efc3072a1b7582cba575383f08d174a6860b58f812d852edd638,True,pending,
DOC_89FEEC7103A9,eia_diesel_price_benchmark.pdf,04_logistics_distribution/03_freight_trucking_diesel_benchmarks/eia_diesel_price_benchmark.pdf,D:/HersheySupplyChainAI/data/raw_sources/04_logistics_distribution/03_freight_trucking_diesel_benchmarks/eia_diesel_price_benchmark.pdf,logistics_distribution,logistics_distribution,pdf_document,benchmark_proxy,.pdf,1652653,5f03e80ac5f67dc8ace87b43edb6d425ba9c64da1f0a5cd820fd3b6a0dbbbdf0,True,pending,
DOC_C1E296D7AAAC,trucking_rate_market_reference.pdf,04_logistics_distribution/03_freight_trucking_diesel_benchmarks/trucking_rate_market_reference.pdf,D:/HersheySupplyChainAI/data/raw_sources/04_logistics_distribution/03_freight_trucking_diesel_benchmarks/trucking_rate_market_reference.pdf,logistics_distribution,logistics_distribution,pdf_document,benchmark_proxy,.pdf,473448,ff9fe6c0ce87c165e1933e3bfbfc98f8cb72a8693c47734b1ff7e4b06013c917,True,pending,
DOC_55B0E1DB0BD6,common_carrier_freight_explanation.pdf,04_logistics_distribution/04_process_explanations/common_carrier_freight_explanation.pdf,D:/HersheySupplyChainAI/data/raw_sources/04_logistics_distribution/04_process_explanations/common_carrier_freight_explanation.pdf,logistics_distribution,logistics_distribution,pdf_document,process_or_function_context,.pdf,592579,8d91920d33cd9abce093be7b0438017d16371d0d184c645254f7bb89405979f0,True,pending,
DOC_88DAB6FD44D8,cpg_distribution_center_explanation.pdf,04_logistics_distribution/04_process_explanations/cpg_distribution_center_explanation.pdf,D:/HersheySupplyChainAI/data/raw_sources/04_logistics_distribution/04_process_explanations/cpg_distribution_center_explanation.pdf,logistics_distribution,logistics_distribution,pdf_document,process_or_function_context,.pdf,2827998,60f709175763215685216a5c7f01b9b34727b4c1d298c530615e2d7b656dc0da,True,pending,
DOC_41FA1AC07EDD,retail_wholesale_distribution_explanation.pdf,04_logistics_distribution/04_process_explanations/retail_wholesale_distribution_explanation.pdf,D:/HersheySupplyChainAI/data/raw_sources/04_logistics_distribution/04_process_explanations/retail_wholesale_distribution_explanation.pdf,logistics_distribution,logistics_distribution,pdf_document,process_or_function_context,.pdf,3627167,4be0c168a3a43f5e99c89bdf39bc067230c9c63bd933ba2c684cadd5534de80d,True,pending,
DOC_3C7D40BBDFD0,mclane_logo_asset.png,04_logistics_distribution/05_logo_assets/mclane_logo_asset.png,D:/HersheySupplyChainAI/data/raw_sources/04_logistics_distribution/05_logo_assets/mclane_logo_asset.png,logistics_distribution,logistics_distribution,image_or_logo,visual_asset,.png,2297,d72ebf821c233d938160df19c4080b1da0681f26e5b28d1dd73f28aed3bb8440,True,pending,
DOC_F203E734500B,PCU484484.xlsx,04_logistics_distribution/06_raw_excel_exports/PCU484484.xlsx,D:/HersheySupplyChainAI/data/raw_sources/04_logistics_distribution/06_raw_excel_exports/PCU484484.xlsx,logistics_distribution,logistics_distribution,excel_workbook,unknown,.xlsx,10339,520f1c16aec4bc51c4f7177bbbf4677de5745ed8224abd9130b00e37c9aef2c8,True,pending,
DOC_11A00D6495C0,PCU49314931.xlsx,04_logistics_distribution/06_raw_excel_exports/PCU49314931.xlsx,D:/HersheySupplyChainAI/data/raw_sources/04_logistics_distribution/06_raw_excel_exports/PCU49314931.xlsx,logistics_distribution,logistics_distribution,excel_workbook,unknown,.xlsx,9782,ceb100ab417661b14d93e9de42b20958c159e6820d82d396f2e72cf754e3fa8f,True,pending,
DOC_4ED7D04B1CB5,pswrgvwall.xls,04_logistics_distribution/06_raw_excel_exports/pswrgvwall.xls,D:/HersheySupplyChainAI/data/raw_sources/04_logistics_distribution/06_raw_excel_exports/pswrgvwall.xls,logistics_distribution,logistics_distribution,excel_workbook,unknown,.xls,7389696,6b5d21bbdb932cf9292775762333479293e88abb79ca2c918fc617e42583cbba,True,pending,
DOC_01971A613130,WPU09150336.csv,04_logistics_distribution/06_raw_excel_exports/WPU09150336.csv,D:/HersheySupplyChainAI/data/raw_sources/04_logistics_distribution/06_raw_excel_exports/WPU09150336.csv,logistics_distribution,logistics_distribution,csv_table,unknown,.csv,4885,f6d31f247370bdd314e37f407d1fac67994c0d21a3cf6aa07e3368794178ff4f,True,pending,
DOC_0D21678E3116,cvs_hershey_1_55oz_price_page.pdf,05_retail_price_evidence/cvs/cvs_hershey_1_55oz_price_page.pdf,D:/HersheySupplyChainAI/data/raw_sources/05_retail_price_evidence/cvs/cvs_hershey_1_55oz_price_page.pdf,retail_price_evidence,retail_price,pdf_document,retail_price_evidence,.pdf,608406,320b26134502e2d0b8a2998b94c1e25c753f44422f51a3befc15ab61bf80a4eb,True,pending,
DOC_4D6583498B7A,target_hershey_1_55oz_price_page.pdf,05_retail_price_evidence/target/target_hershey_1_55oz_price_page.pdf,D:/HersheySupplyChainAI/data/raw_sources/05_retail_price_evidence/target/target_hershey_1_55oz_price_page.pdf,retail_price_evidence,retail_price,pdf_document,retail_price_evidence,.pdf,931556,089360c57b2428f8d64d36dff30b676025533300c184bf5e91f3f729907bccc9,True,pending,
DOC_5E90ED0F32AB,walgreens_hershey_1_55oz_price_page.pdf,05_retail_price_evidence/walgreens/walgreens_hershey_1_55oz_price_page.pdf,D:/HersheySupplyChainAI/data/raw_sources/05_retail_price_evidence/walgreens/walgreens_hershey_1_55oz_price_page.pdf,retail_price_evidence,retail_price,pdf_document,retail_price_evidence,.pdf,1367187,412bc0d0071e6acef1a41781fd481b3830ac65db5ee407175c4bcb96c26248c9,True,pending,
DOC_1F6D46FB75CC,walmart_hershey_1_55oz_price_page.pdf,05_retail_price_evidence/walmart/walmart_hershey_1_55oz_price_page.pdf,D:/HersheySupplyChainAI/data/raw_sources/05_retail_price_evidence/walmart/walmart_hershey_1_55oz_price_page.pdf,retail_price_evidence,retail_price,pdf_document,retail_price_evidence,.pdf,1630627,8dceabb94011fc4eb4dcfac7bb8484636fdba90913915f33e9bf55e23a006092,True,pending,
DOC_AB943BE3F9BC,hershey_company_logo.png,06_brand_logo_assets/hershey/hershey_company_logo.png,D:/HersheySupplyChainAI/data/raw_sources/06_brand_logo_assets/hershey/hershey_company_logo.png,brand_logo_assets,brand_asset,image_or_logo,visual_asset,.png,150309,2c7a7b99cb8123f49ec9ddeb4929b834df3a610e8a09d165fbac38ac7177d2c4,True,pending,
DOC_7AD7B5853282,Hersheyland-Explore-Hershey-Products.pdf,07_reference_only/old_generated_visuals/Hersheyland-Explore-Hershey-Products.pdf,D:/HersheySupplyChainAI/data/raw_sources/07_reference_only/old_generated_visuals/Hersheyland-Explore-Hershey-Products.pdf,reference_only,reference_only,pdf_document,reference_only,.pdf,5294627,847d5b8f6a497025d43c09e1c243939fb25cf84f07d62a66ef98e4c847b05abe,True,pending,
